#page	num	CH	OJ	OC	LH	EMC	LMC	GO	KN	NOM	SV	SK	LH
13	1	é˜¿	 a	 *Ê”Ã¢	 *Ê”a	 Ê”a		 a	 a	 a	 a	 a
14	2	å®‰	 a, ana	 *Ê”Ã¢n	 *Ê”É‘n	 Ê”Ã¢n		 amu, a	 an	 an	 an	 an
15	3	å©€	 a	---		 Ê”a		 a	 a	 a	 áº£	 a
15	4	é…	 a	 *Ê”aÅ‹		 Ê”É¨aÅ‹		 au	 yau	 anh	 áº£nh	 ang
16	5	å¾	 a	 *Å‹Ã¢	 Å‹É‘ > Å‹É”	 Å‹É”		 go	 go	 ngo	 ngÃ´	 wo
16	6	è¶³	 a	 *tsok	 tsiok	 tsuawk		 soku, su	 syoku, syu	 tÃºc	 tÃºc	 sywok, swu
16	7	å—šå‘¼	 a	---	---	---		---	---	---	---	---
17	8	è‹±	 aga, a	 *Ê”raÅ‹	 Ê”É¨aÅ‹	 Ê”iajÅ‹		 au	 ei	 anh, yÃªng	 anh	 yeng
17	9	æƒ¡	 aku	 *Ê”Ã¢k	 Ê”ak	 Ê”ak		 a, aku	 aku	 anh, yÃªng	 anh	 yeng
17	10	è´	 ama	 *Ê”am	 Ê”É™m or Ê”É¨am	 Ê”É™m > Ê”am		 amu	 amu	---	 am	 am
17	11	å¥„	 ama, amu	 *Ê”ramÊ”	 Ê”É¨É™mÊ”	 Ê”iam		 emu	 emu	 im	 yá»ƒm	 em
18	12	é—‡	 amu	 *Ê”É™mÊ” or *Ê”É™ms	 Ê”É™mh or Ê”É™mh	 Ê”É™m > Ê”am		 amu	 amu	---	 am, Ã¡m	 am
18	13	é´¨	 apa	---	---	 Ê”aÉ¨p	 Ê”ja:p	 efu	 afu	---	 Ã¡p	 ap
18	14	å§¶	 api	---	---	---		 afu	 afu	---	 áº¡p	 ap
18	15	æ„›	 ayu	 *Ê”Ì‚ts	 *Ê”É™s > Ê”É™h	 Ê”É™j	 Ê”aj	 ai	 ai	 Ã¡i	 Ã¡i	 oy
19	16	å©†	 ba	 *bÃ¢	 bÉ‘i	 bwÃ¢		 ba	 fa	 bÃ 	 ba, bÃ 	 pha
20	17	ä¼	 ba	 *bat	 buÉ‘t	 bjwÉt		 bati	 fatu	 pháº¡t	 pháº¡t	 pel
21	18	éº¼	 ba	 *maiÊ”	 mÉ¨É‘iÊ”	 ma	 mba	 ma	 ba	---	 máº£	 ma
21	19	é­”	 ba	---	---	 ma	 mba	 ma	 ba	 ma	 ma	 ma
21	20	ç£¨	 ba	 *mÃ¢	 mÉ‘i > ma	 ma	 mba	 ma	 ba	 mÃ i	 ma, máº¡	 ma
22	21	è–„	 ba	 *bÃ¢k	 bak	 bÃ¢k		 baku	 faku	 báº¡c	 bÃ¡c	 pak
22	22	å€	 be	 *bÉ™Ì‚Ê”	 bÉ™Ê”	 bwáº­iÊ”		 bai	 fai	 bá»™i, vá»™i	 bá»™i	 poy, phay
23	23	é™ª	 be	 *bÉ™Ì‚	 bÉ™	 bwáº­i		 bai	 fai	 bá»“i	 bá»“i	 poy
23	24	æ¯	 be	 *mÇÌ‚Ê”	 mÉ™Ê”	 mwáº­i	 bmuaj	 mai	 bai	 má»—i, má»i	 má»—i	 moy
23	25	é¼»	 bi	 *bit or *bits	 bit or bis	 bjiet or bih		 bi	 fi	---	 tá»‹, tÄ©	 pi
24	26	æ¯˜	 bi	 *bi	 bi	 bji		 bi	 fi	---	 tÃ¬, bÃ¬	 pi
25	27	å©¢	 bi	 *beÊ”	 bieÊ”	 bjieÊ”		 bi	 fi	 tÃ¬	 tÃ¬	 pi
25	28	å½Œ	 bi	 *me	 mie	 mjie		 mi	 bi	---	 di, ri, nhÄ©	 mi
25	29	å¯	 bi	 *mis	 mis	 mih		 mi	 bi	 má»‹	 má»‹	 pi
26	30	å¼­	 bi	 *meÊ”	 mieÊ”	 mjieÊ”	 mbji	 mi	 bi	 nháº¹	 má»…	 mi
26	31	å¦£	 bi	 *piÊ” or *pih	 piÊ”, pih	 pih	 mbji	 fi	 bi	---	 tá»‰	 pi
26	32	ç…©	 bo	 *ban	 buan	 bjwÉn		 bomu	 fan	 phiá»n	 phiá»n	 pen
27	33	å¤«	 bu	 *ba or *pa	 buÉ‘, puÉ‘	 bju, pju		 bu	 fu	 phu	 phÃ¹	 pwu
29	34	æ‰¶	 bu	 *ba or *pa	 buÉ‘, puÉ‘	 bju, pju		 bu	 fu	 phÃ¹, phÃ², vÃ¹a	 phÃ¹	 pwu
29	35	éƒ¨	 bu	 *bÃ´Ê”	 boÊ”	 bÉ™uÊ”		 bu	 fo	 bá»™, bÃµ	 bá»™	 pwu
30	36	çˆ¶	 bu	 *baÊ” or *paÊ”	 buÉ‘Ê”, puÉ‘Ê”	 bjuÊ”, pjuÊ”	 fÉ¦u	 bu	 fu	 phá»¥	 phá»¥	 pwo, pwo
31	37	åºœ	 bu	 *poÊ”	 puoÊ”	 pjuÊ”		 fu	 fu	 phá»§	 phá»§	 pwu
31	38	æ­©	 bu	 *bÃ¢h	 bÉ‘h	 buoh	 pÉ¦uÉ™	 bu	 fo	 bá»™	 bá»™, bÃ²	 pwo
31	39	çŸ›	 bu	 *mu	 mu	 mÉ™u	 mbuw	 mu	 bu	 mÃ¢u	 mÃ¢u	 mwu, mwo
31	40	ç¬¦	 bu	 *bo	 buo	 bju	 fÉ¦uÉ™	 bu	 fu	 phÃ¹, bÃ¹a	 phÃ¹	 pwu
32	41	é¶©	 bu	 *moh	 muoh	 mjuh		 mu	 bu	---	 vá»¥, vu	 mwu
32	42	èœ‚éŸ³	 bu	---	---	---		---	---	---	---	---
32	43	å‚™	 bwi	 *brÉ™kh	 bÉ¨É™h > bÉ¨h	 bjÉ¨h		 bi	 fi	 bá»‹, vá»±a	 bá»‹	 pi
33	44	è‚¥	 bwi	 *bÉ™i	 bui	 bjwei		 bi	 fi	 phÃ¬, phá», phÃ¨	 phÃ¬	 pi
33	45	åªš	 bwi	 *muih	 mÉ¨h	 mji	 mbi	 mi	 bi	 má»‹	 má»‹	 mi
34	46	çœ‰	 bwi	 *mui or *mÉ™iÊ”	 mÉ¨, muiÊ”	 mji, mjweiÊ”	 mbi	 mi	 bi	 mÃ¬, mÃ y	 mi	 mi
34	47	ç¸»	 bwi	 *mai	 mÉ¨e	 mje	 mbiÉ™	 mi	 bi	---	 mi	 mi
34	48	å©¢	 bye	 *beÊ”	 bieÊ”	 bjieÊ”		 bi	 fi	 tÃ¬	 tÃ¬	 pi
34	49	è¬	 bye	 *mÃ®h	 meih	 mieih	 mbÉ›j	 mei	 bei	 mÃª	 mÃª	 mi
35	50	éƒ¨	 bye	 *bÃ´Ê”	 boÊ”	 bÉ™uÊ”		 bu	 fo	 bá»™, bÃµ	 bá»™	 pwu
36	51	å¤§	 da	 *dÃ¢s	 dÉ‘h, das	 dÃ¢ih		 dai	 tai	 Ä‘áº¡i	 Ä‘áº¡i, thÃ¡i	 ta, tay, thay
36	52	å¤ª	 da	 *thÃ¢s	 thÉ‘s	 thÃ¢ih		 tai	 tai	 thÃ¡i	 thÃ¡i	 thay
37	53	é™	 da	 draiÊ”	 á¸iaiÊ”	 á¸jeÊ”		 da	 ta	 Ä‘Ã 	 Ä‘Ã 	 tha
37	54	é¨¨	 da	 *dÃ¢i or dÃ¢n	 dÉ‘i or dan	 dÃ¢ or dÃ¢n		 da, dan	 ta, tan	---	---	 tha, than
37	55	å¨œ	 da	---	---	 na	 nda	 na	 da	 na, náº¡	 nÃ£	 na
38	56	åš¢	 da	 *nÃ¢Å‹	 nÉ‘Å‹	 nÃ¢Å‹	 ndaÅ‹	 nau	 dau	 nang	 nang	 nang
38	57	å„¾	 da	 *nÃ¢Å‹	 nÉ‘Å‹	 nÃ¢Å‹h	 ndÃ¢Å‹h	 nau	 dau	---	 nÃ¡ng	 nang
39	58	è«‡	 dami	 *lÃ¢m	 dam	 dÃ¢m		 dan	 tan	 Ä‘Ã m	 Ä‘Ã m	 tam
39	59	å¼¾	 dani	 *dÃ¢n	 dan	 dÃ¢n		 damu	 tan	 Ä‘Ã n, Ä‘áº¡n, rá»n	 Ä‘Ã n	 than
39	60	å‚³	 de	 *dron	 á¸yan	 á¸jwÃ¤n		 demu	 ten	 truyá»n, chuyá»‡n	 truyá»n, truyá»‡n	 cyen
39	61	æ®¿	 de	 *tÉ™ns	 denh	 dienh		 demu	 ten	 Ä‘iá»‡n, Ä‘á»n, Ã‡iáº¿ng	 Ä‘iá»‡n, Ä‘iÃªn, Ä‘iáº¿n, SK: tyen	
39	62	ä»£	 de	 *Ì‚kh	 dÉ™h	 dáº­ih		 dai	 tai	 Ä‘áº¡i, Ä‘á»i	 Ä‘áº¡i	 toy
40	63	å ¤	 de	 *dÃª	 de	 diei	 tiaj	 tai	 tei	 Ä‘Ãª	 Ä‘Ãª, Ä‘á»	 tyey
40	64	æ	 de	 *tÃªÊ” or dÃª	 teh, de	 tieih, diei		 dai	 tei	 Ä‘Ãª, Ä‘á», chá»	 Ä‘á», thÃ¬	 tyey
40	65	ä½	 de	 *tÃ®	 tei	 tiei		 tai	 tei	 Ä‘Ãª	 Ä‘Ãª	 tye
40	66	ç”°	 de	 *lÃ®n	 den	 dien		 demu	 ten	 Ä‘iá»n, ruá»™ng	 Ä‘iá»n	 tyen
41	67	å¼Ÿ	 de	 *dÃ®Ê”	 deiÊ”	 dieiÊ”	 tÉ¦iaj	 dai	 tei	 Ä‘á»‡	 Ä‘á»‡, Ä‘á»…	 tyey
41	68	æ³¥	 de	 *nÃ®	 nei	 niei	 ndiaj	 nai	 dei	 ná»‡, nÃ¨, ná»ƒ, ná»	 nÃª, ná»‡	 ni
42	69	åŸ¿	 de	 *nÃ®	 nei	 niei	 ndiaj	 nai	 dei	 ná»‡, nÃ¨, ná»ƒ, ná»	 nÃª, ná»‡	 ni
42	70	æ¶…	 de	 *nÃ®t	 net	 niet		 neti	 detu	 nÃ¡t, nÃ­t, nÃ©t	 nÃ¡t, niáº¿t	 nal, nyel
43	71	è€	 de	 *nÉ™Ì‚h	 nÉ™h	 náº­ih	 ndÉ™j	 nai, nou	 tai, tou	 nÃ i, náº¡i	 náº¡i	 nay
43	72	é²	 di	 *drih	 á¸ih	 á¸i		 di	 ti	 cháº§y, trÃ¬	 chÃ¬, trÃ¬	 ci
44	73	æ²»	 di	 *drÉ™(h)	 á¸iÉ™(h)	 á¸É¨(h)		 di	 ti	 chá»‡, trá»‹	 trÃ¬, trá»‹	 chi
45	74	åœ°	 di	 *draih	 dih	 dih		 di	 ti	 Ä‘á»‹a	 Ä‘á»‹a	 ti
45	75	å°¼	 di	 *nri	 á¹‡i	 á¹‡i	 ndri	 ni	 di	 náº§y, ni, nÆ¡i, SV: ni, náº­c		 ni, nil
45	76	æ³¥	 di	 *nÃ® or *nÃ®h	 nei or neih	 niei	 ndiaj	 nai	 dei	 nÃª, ná»‡, nÃ¨, ná»ƒ	 nÃª, ná»‡	 ni
45	77	æ—	 di	 *nrÃª	 á¹‡e	 á¹‡jeh	 ndeyh	 ni	 di	---	 ná»·	 ni
46	78	è†©	 di	 *nris	 á¹‡is	 á¹‡ih	 ndrih	 ni	 di	---	 nhá»‹	 ni
46	79	é“	 di	 *lÃ»Ê”	 douÊ”	 dÃ¢uÊ”		 dau	 tau	 Ä‘áº¡o, dáº¡o	 Ä‘Ã¡o, Ä‘áº¡o	 two
46	80	è·¯	 di	 *rÃ¢kh	 lah	 luoh		 ro	 ro	 lá»™, trÃ²	 lá»™	 rwo
46	81	ç¸¢	 do	 *lÌ‚Å‹	 dÉ™Å‹	 dÉ™Å‹		 dou	 tou	---	 Ä‘áº±ng	 tung
47	82	æ¼	 do	 *draÊ”	 á¸iÉ‘Ê”	 á¸jwoÊ”		 dyo	 tyo	 trá»¯	 chá»¯	 cye
48	83	é¨°	 do	 *lÌ‚Å‹	 dÉ™Å‹	 dÉ™Å‹		 dou	 tou	---	 Ä‘áº±ng	 tung
48	84	è—¤	 do	 *lÉ™Ì‚Å‹	 dÉ™Å‹	 dÉ™Å‹		 dou	 tou	 Ä‘áº±ng	 Ä‘áº±ng	 tung
48	85	ç‰¹	 do	 *dÉ™Ì‚k	 dÉ™k	 dÉ™k	 tÉ¦É™É™k	 doku	 toku	 Ä‘á»±c, Ä‘á»±á»£c	 Ä‘áº·c	 thuk
48	86	è€	 do	 *nÌ‚h	 nÉ™h	 náº­ih	 ndÉ™j	 nai, nou	 tai, tou	---	 náº¡i	 nay
49	87	è¿º	 do	 *nÌ‚Ê”	 nÉ™Ê”	 náº­iÊ”	 ndÉ™j	 nai	 dai	---	 nÃ£i	 nay
49	88	é ­	 du	 *dÃ´	 do	 dÉ™u		 du	 tu	 Ä‘áº§u	 Ä‘áº§u	 twu
50	89	è±†	 du	 *dÃ´h	 doh	 dÉ™uh		 du	 tu	 Ä‘áº­u	 Ä‘áº­u	 twu
51	90	é€—	 du	---	 doh	 dÉ™uh	 tÉ¦É™w	 du	 tou	 Ä‘áº­u	 Ä‘áº­u	 twu
51	91	åœ–	 du	 *dÃ¢	 dÉ‘	 duo	 tÉ¦uÉ™	 du	 to	 Ä‘á»“	 Ä‘á»“	 two
52	92	å¼©	 du	 *nÃ¢Ê”	 nÉ‘Ê”	 nuoÊ”	 ndoÊ”	 no, nu	 do	 ná»—, ná»	 ná»—	 nwo
52	93	ç ®	 du	 *nÃ¢ or nÃ¢Ê”	 nÉ‘, naÊ”	 nuo, nuoÊ”	 ndo	 no, nu	 do	---	 ná»—	 nwo
52	94	æ›‡	 dumi, domo	---	 dÉ™m	 dÉ™m		 domu	 ton	---	 Ä‘Ã m	 tam
52	95	åœŸ	 dwo	 *thÃ¢Ê”	 thÉ‘Ê”	 thuoÊ”		 to	 to	 thá»•	 thá»•	 thwo, twu
52	96	åº¦	 dwo	 *dakh	 dÉ‘h	 duoh	 tÉ¦uÉ™	 do	 to	 Ä‘á»™, Ä‘o, Ä‘á»¥	 Ä‘á»™	 two
53	97	æ¸¡	 dwo	 *dakh	 dÉ‘h	 duoh	 tÉ¦uÉ™	 do	 to	 Ä‘Ã²	 Ä‘á»™	 two
53	98	å¥´	 dwo	 *nÃ¢	 nÉ‘	 nuo	 ndÉ”	 nu	 do	 nÃ´, no, nÃ³	 nÃ´	 now
53	99	æ€’	 dwo	 *nah or *naÊ”	 nÉ‘h, naÊ”	 nuoh	 ndÉ”	 nu	 do	 ná»™, ná»§a, ná», nua	 ná»™	 nwo
54	100	è¡£	 e	 *Ê”É™i	 *Ê”É¨i	 Ê”É¨j		 e	 i	 y, e, Ã¬	 y, Ã½	 uy
54	101	æ„›	 e	 *Ì‚ts	 *Ê”É™s > Ê”É™h	 Ê”É™j	 Ê”aj	 ai	 ai	 Ã¡i	 Ã¡i	 oy
55	102	äº	 e	 *Ê”ah or *Ê”rÃ¢h	 Ê”ah	 Ê”aÉ¨ > Ê”É›: SV: Ã¡		 a	 a	 Ã¡, a		 a
55	103	ä¾	 e	 *Ê”É™i	 *Ê”É¨i	 Ê”É¨j		 e	 i	 y	 y	 uy
55	104	å“€	 e	 *Ê”Ì‚i	 *Ê”É™i	 Ê”É™j	 Ê”aj	 ai	 ai	 ai	 ai	 oy
56	105	åŸƒ	 e	 *É™Ì‚	 iÉ™	 Ê”É™j	 Ê”aj	 ai	 ai	 ai	 ai	 ay
56	106	æ¦	 e	 *krÃ¢h	 kah	 kaÉ¨ > kÉ›: SV: giÃ¡		 ke	 ka	 giÃ¡, giáº£, háº¡		 ka
56	107	è	 e	 *nÉ™mÊ”	 Å„imÊ”	 nyim		 nimu	 zimu	 nháº«m	 nháº«m	 im
57	108	å¾—	 e	 *tÉ™Ì‚k	 tÉ™k	 tÉ™k		 toku	 toku	 Ä‘áº¯c, Ä‘Ã¡c	 Ä‘áº¯c	 tuk
57	109	æœ´	 e	 *phok	 pok	 phaÉ¨wk		 foku	 faku	 phÃ¡c, pháº¯c, vÃ³c	 phÃ¡c	 pak
57	110	å¯æ„›	 e	---	---	---		---	---	---	---	---
58	111	æˆ‘	 ga	 *Å‹Ã¢iÊ”	 Å‹É‘iÊ”	 Å‹a		 ga	 ga	 ngÃ£, ngáº£	 ngÃ£	 a
59	112	å¥‡	 ga	 *kai	 kÉ¨É‘i	 É¡iÉ™		 ki	 ki	 cáº£, cÆ¡, kÃ½	 cÆ¡, kÃ½	 kuy
59	113	å®œ	 ga	 *Å‹ai	 Å‹É¨É‘i	 Å‹iÄƒ		 gi	 gi	---	 nghi	 uy
59	114	è³€	 ga	 *É¡Ã¢ih	 É¡É‘ih	 É£a	 xÉ¦a	 ga	 ka	 háº¡	 háº¡	 ha
60	115	ä½•	 ga	 *É¡Ã¢i	 É¡ai	 É£a		 ga	 ka	 hÃ 	 hÃ 	 ha
60	116	æ²³	 ga	 *É¡Ã¢i	 É¡É‘i	 É£a		 ga, gaa	 ka	 hÃ 	 hÃ 	 ha
60	117	è›¾	 ga	 *Å‹Ã¢i	 Å‹É‘i	 Å‹a		 ga	 ga	---	 nga	 a
61	118	é¤“	 ga	 *Å‹Ã¢ih	 Å‹É‘ih	 Å‹a		 ga	 ga	---	 nga, ngÃ£	 a
61	119	å³¨	 ga	 *Å‹Ã¢i	 Å‹ai	 Å‹a	 Å‹a	 ga	 ga	---	 nga	 a
61	120	ä¿„	 ga	 *Å‹Ã¢i	 Å‹É‘i	 Å‹a	 Å‹a	 ga	 ga	 nga	 nga	 a
62	121	éµ	 ga	 *Å‹Ã¢i	 Å‹É‘i	 Å‹a	 Å‹a	 ga	 ga	---	 nga	 a
62	122	ç¾©	 ge	 *Å‹aih	 Å‹É¨É‘ih	 Å‹ia		 gi	 gi	 nghÄ©a, nghÃ¬	 nghÄ©a	 uy
63	123	å®œ	 ge	 *Å‹ai	 Å‹É¨É‘i	 Å‹ia		 gi	 gi	 nghi, nghÃ­, ngÆ¡i	 nghi	 uy
64	124	ç¤™	 ge	 *Å‹Ì‚kh	 Å‹É™h	 Å‹É™j		 gai	 gai	 ngáº¡i	 ngáº¡i	 ay
64	125	ç¢	 ge	 *Å‹Ì‚kh	 Å‹É™h	 Å‹É™j		 gai	 gai	 ngáº¡i	 ngáº¡i	 ay
65	126	ãµ	 ge	 *Å‹Ì‚kh	 Å‹É™h	 Å‹É™j		 gai	 gai	 ngáº¡i	 ngáº¡i	 ay
65	127	çšš	 ge	---	---	 Å‹É™j	 Å‹aj	 gai	 gai	 ngai	 ngai	 ay
65	128	ç¥‡	 gi	 *ke	 kie, É¡É¨i	 É¡jiÉ™		 gi	 ki	 chá»‰	 kÃ½, khÃ¬, kÃ¬	 ki
65	129	è—	 gi	 *Å‹ets	 Å‹ias	 Å‹jiaj		 gei	 gei	 nghá»‡, nghá»	 nghá»‡	 yey
66	130	å„€	 gi	 *Å‹ai	 Å‹É¨É‘i	 Å‹ia	 Å‹i	 gi	 gi	 nghi, nghÃ¬	 nghi	 uy
66	131	èŸ»	 gi	 *Å‹aiÊ”	 Å‹É¨É‘iÊ”	 Å‹ia	 Å‹i	 gi	 gi	---	 nghÄ©, nghá»‹	 uy
67	132	í¡‡íº¸	 gi	 *É¡ri	 É¡É¨	 É¡ji		 gi	 ki	---	 ká»³	 ki
67	133	å…¶	 go	 *É¡É™	 É¡É¨É™	 É¡É¨		 gi	 ki	 cÃ 	 ká»³, kÃ¬	 ki, kuy
68	134	æœŸ	 go	 *É¡É™ or *kÉ™	 É¡É¨É™, kÉ¨É™	 É¡É¨, kÉ¨		 go, gi	 ki	 ká»³, cá»	 ká»³, kÃ¬	 kuy
69	135	ç¢	 go	 *É¡É™	 É¡É¨É™	 É¡É¨		 go, gi	 ki	 cá»i	 ká»³, kÃ¬	 kuy
69	136	å‡	 go	 *Å‹É™Å‹	 Å‹É¨É™Å‹	 Å‹iÅ‹		 gou	 gyou	 ngÃ¢ng, ngá»¯ng	 ngÆ°ng	 ung
70	137	èª	 go	 *Å‹aÊ” or *Å‹ah	 Å‹É¨É‘Ê” or Å‹É¨É‘h	 Å‹É¨a	 Å‹ya	 go	 gyo	 ngá»¡, ngá»¯, ngá»¯a	 ngá»¯, ngá»±	 e
70	138	é¦­	 go	 *Å‹ah	 Å‹Ã®É‘	 Å‹É¨a	 Å‹ya	 go	 gyo	 ngá»±a	 ngá»±	 e
70	139	å¾¡	 go	 *Å‹ah	 Å‹É¨É‘h	 Å‹É¨a	 Å‹ya	 go	 gyo	 ngá»±, ngá»£	 ngá»±	 e, a
71	140	å…·	 gu	 *É¡oh	 É¡uoh	 É¡ju		 gu	 ku	 cá»±	 cá»±	 kwu
72	141	å¾	 gu	 *Å‹Ã¢	 Å‹É‘			 gu	 go	 ngo	 ngÃ´	 wo
72	142	é‡	 gu	 *Å‹oh	 Å‹É¨oh	 Å‹ua		 gu	 guu	 ngá»™	 ngá»™	 wu
72	143	å¨¯	 gu	 *Å‹wa	 Å‹yÉ‘ > Å‹uÉ”	 Å‹ua	 Å‹ya	 gu	 go	 ngu	 ngá»¥, ngu	 wu
73	144	æ±‚	 gu	 *É¡u	 É¡u	 É¡uw		 gu	 kyuu	 cÃ u, cáº§u	 cáº§u	 kwu
73	145	éš…	 gu	 *Å‹o	 Å‹É¨o	 Å‹ua		 gu	 guu	 ngu	 ngu, ngung	 wu
73	146	æ„š	 gu	 *Å‹o	 Å‹É¨o	 Å‹ua		 gu	 guu	 ngu	 ngu	 wu
74	147	è™	 gu	 *Å‹wa	 Å‹yÉ‘	 Å‹ua	 Å‹ya	 gu	 gu	---	 ngu	 wu
74	148	ç¾¤	 guri	 *É¡un	 É¡un	 É¡un		 gumu	 kun	 quáº§n, quáº±n	 quáº§n	 kun
74	149	â€œI	 gwi	 *Å‹É™	 Å‹É¨É™	 Å‹jÉ¨		 gi	 gi	 ngá», nghi	 nghi	 uy, ung, ul, ek
75	150	å®œ	 gwi	 *Å‹ai	 Å‹É¨É‘i	 Å‹ia		 gi	 gi	---	 nghi	 uy
75	151	ç¾©	 gwi	 *Å‹aih	 Å‹É¨É‘ih	 Å‹ia		 gi	 gi	 nghÄ©a, nghÃ¬	 nghÄ©a	 uy
76	152	æ“¬	 gwi	 *Å‹É™Ê”	 Å‹É¨É™Ê”	 nÉ¨Ê”	 Å‹i	 gi	 gi	 nghÄ©	 nghÄ©	 uy
76	153	å¾	 gwo	 *Å‹Ã¢	 Å‹É‘ > Å‹É”	 Å‹É”		 gu	 go	 ngo	 ngÃ´	 wo
77	154	èƒ¡	 gwo, kwo	 *É¡Ã¢	 É¡É‘ > É¡É”	 É£É”	 xÉ¦uÉ™	 go	 ko	 hÃ², há»“	 há»“	 hwo
78	155	å€™	 gwo	 *É¡Ã´	 É¡o	 É£É™w		 go	 kou	 háº§u	 háº§u, háº­u	 wo
79	156	å¾Œ	 gwo	 *É¡Ã´Ê” or *É¦Ã´Ê”	 É¡oÊ” or É£oÊ”	 É£É™w		 go	 kou	 háº­u	 háº­u	 wo
79	157	è™	 gwo	 *Å‹wa	 Å‹yÉ‘	 Å‹ua		 go	 gu	---	 ngu	 wu
79	158	èª¤	 gwo	 *Å‹wÃ¢h	 Å‹uÉ‘h > Å‹uoh	 Å‹É”	 Å‹uÉ™	 go	 go	 ngá»™	 ngá»™	 wo
79	159	å‘‰	 gwo	 *Å‹wÃ¢	 Å‹uÉ‘ > Å‹uÉ”	 Å‹É”		 gu	 go	 ngo	 ngÃ´	 wo
80	160	æ‚Ÿ	 gwo	 *Å‹Ã¢h	 Å‹É‘h > Å‹É”	 Å‹É”	 Å‹uÉ™	 go	 go	 ngá»™	 ngá»™	 wo
80	161	å¨¯	 gwo	 *Å‹wa	 Å‹yÉ‘ > Å‹uÉ”	 Å‹ua	 Å‹ya	 go	 go	 ngu	 ngá»¥, ngu	 wu
80	162	ä¸‹	 gye	 *É¡rÃ¢Ê”	 É¡aÊ”	 É£É›: GO: ge			 ka	 háº¡	 hÃ¡, háº¡	 ha
81	163	ç‰™	 gye	 *Å‹rÃ¢	 Å‹a	 Å‹É›: GO: ge			 ga	 nha, ngÃ 	 nha	 a
81	164	ä»‹	 gye	 *krÃª(t)s	 kÉ›s	 kÉ›:j		 ke	 kai	 giá»›i	 giá»›i	 kay, kal
81	165	é›…	 gye	 *Å‹rÃ¢Ê”	 Å‹aÊ”	 Å‹É›: GO: ga			 ge	 nhÃ¡, nhÃ£	 nhÃ£, nha	 a
82	166	å¤	 gye	 *É¡rÃ¢Ê”	 É¡aÊ”	 É£É›: GO: ge			 ka	 háº¡	 háº¡	 ha
82	167	éœ“	 gye	 *Å‹Ãª or *Å‹Ãªt	 Å‹e or Å‹et	 Å‹É›j	 Å‹jiaj	 gei	 gei	 nghi, má»‘ng	 nghÃª	 yey, yek
83	168	ä¼Š	 i	 *Ê”i	 *Ê”i	 Ê”ji		 i	 i	 y	 y	 i
84	169	å¤·	 i	 *l(É™)i	 ji	 ji		 i	 i	 dÃ¬, di, dai	 di	 i
84	170	ç§»	 i	 *lai	 *jÉ‘i	 jiÄƒ	 ji	 i	 i	 dá»i, dÃ¢y, dÃª	 di, dá»‹	 i
85	171	å·²	 i	 *lÉ™Ê”	 jÉ™Ê”	 jÉ¨ > ji		 i	 i	 dÄ©	 dÄ©	 i
85	172	ç•°	 i	 *lÉ™kh	 jÉ™h	 jÉ¨ > ji	 ji	 i	 i	 dá»‹	 dá»‹	 i
86	173	ä»¥	 i	 *lÉ™Ê”		 jÉ¨	 ji	 i	 i	 dÄ©	 dÄ©	 i
86	174	æ€¡	 i	 *lÉ™	 jÉ™	 jÉ¨	 ji	 i	 i	 di	 di	 i
86	175	æ˜“	 i	 *lekh or *lek	 jeh or jek			 i, yaku	 i, eki	 dá»‹ch, diá»‡c, dá»…	 dá»‹, dá»‹ch	 i, yek
87	176	å°„	 i	 *m-lak or *m-lakh	 Åºak, Åºah	 jiajk, jia		 yaku, ya, zia	 eki, ya, sia	 xáº¡	 xáº¡	 sya, syek, ya
87	177	äº”	 i	 *Å‹Ã¢Ê”	 Å‹É‘Ê”	 Å‹É”		 go	 go	 ngÅ©	 ngÃ´, ngÅ©	 wo
87	178	è†½	 i	 *tÃ¢mÊ”	 tÉ‘mÊ”	 tam		 tamu	 tamu	 Ä‘áº£m	 Ä‘áº£m	 tam
87	179	é¦¬è²	 i	---	---	---		---	---	---	---	---
88	180	å› 	 ina	 *Ê”in	 Ê”in	 Ê”jin		 imu	 imu	 nhÃ¢n	 nhÃ¢n	 in
88	181	å°	 ini, i	 *Ê”ins	 Ê”inh	 Ê”jin		 i, imu	 in	 áº¥n, in	 áº¥n	 in
88	182	æ–	 ipi, ipu	 *tsÉ™p or *tsrÉ™p	 tsip	 Ê”jip		 ifu	 ifu	 áº¥p, áº­p, áº¯p	 áº¥p, táº­p	 up, cup
89	183	å£¹	 iti, i	 *Ê”it	 *Ê”it	 Ê”jit		 iti	 itu	 nháº¥t	 nháº¥t	 il
90	184	åŠ 	 ka	 *krÃ¢i	 kai	 kaÉ¨		 ka	 ka	 gia	 gia	 ka
91	185	å±…	 ka	 *kaÊ” or *kah	 kÉ¨É‘(h)	 kÉ¨É™		 ko	 kio	 cÆ°	 cÆ°	 ke, kuy
92	186	è¿¦	 ka	---	 ka	 kÉ¨a, kaÉ¨		 kia	 ka, kia	 ca, giÃ , dÃ 	 ca, dÃ 	 ka
93	187	å¥‡	 ka	 *kai	 kÉ¨É‘i	 kiÉ™		 ki	 ki	 cáº£, cÆ¡, kÃ¿	 cÆ¡, kÃ¿	 kuy
93	188	å¯	 ka	 *khaiÊ”	 khÉ‘iÊ”	 kha		 ka	 ka	 kháº£, khÃ¡	 kháº£	 ka
94	189	è¨¶	 ka	 *haj	 hÉ‘i	 xa			 ka	 kha, ha	 kha, ha, GO: ka	 ka, ha
95	190	å“¥	 ka	 *kÃ¢i	 kÉ‘i	 ka		 ka	 ka	 ca, kha	 ca	 ka
96	191	ä»‹	 ka	 *krÃª(t)s	 kÉ›s	 kÉ™É¨j > kÉ›:j		 kai, ke	 kai	 giá»›i	 giÆ¡i, giá»›i	 kay, kal
97	192	æ­Œ	 ka	 *kÃ¢i	 kÉ‘i	 ka		 ka	 ka	 ca, cÃ 	 ca	 ka
97	193	å“¿	 ka	 *kÃ¢iÊ”	 kÉ‘iÊ”	 ka		 ka	 ka	 cáº£	 cáº£	 ka
97	194	ç‚	 ka	---	 khÉ‘i	 kha		 ka	 ka	 kha	 kha	 ka
97	195	ç®‡	 ka	 kÃ¢ih	 kaih	 ka		 ka	 ka	 cÃ¡, cÃ³	 cÃ¡	 ka, ki
98	196	å˜‰	 ka	 *krÃ¢i	 kai	 kaÉ¨		 ke	 ka	 gia	 gia	 ka
98	197	æ¶	 ka	 *kak	 kah	 kaÉ¨		 ka	 ka	 giÃ¡, gÃ¡, dá»©a	 dÃ¡, giÃ¡	 ka
99	198	ä¼½	 ka	---	 É¡a	 É¡É¨a	 kÉ¦ia	 ga, gaa	 kia	 giÃ , nhÃ 	 giÃ 	 ka
99	199	è¿¦	 ka	 *É¡Ã¢ih	 É¡É‘ih	 É£a	 xÉ¦a	 ga	 ka	 háº¡	 háº¡	 ha
100	200	æ²³	 ka	 *É¡Ã¢i	 É¡É‘i	 É£a	 xÉ¦a	 ga	 ka	 hÃ 	 hÃ 	 ha
102	201	èˆ¸	 ka	 *khÃ¢i	 khÉ‘i	 ka	 ka	 ka	 ka	---	 cáº£, ca, kháº£	 ka, ki
102	202	æŸ¯	 ka	 *kÃ¢i	 kÉ‘i	 ka	 ka	 ka	 ka	---	 kha	 ka
102	203	è»»	 ka	 *khÃ¢i	 khÉ‘i(h/Ê”)	 kha	 kha	 ka	 ka	---	 kha	 ka
103	204	é¦™	 ka	 *haÅ‹	 hÉ¨É‘Å‹	 xÉ¨aÅ‹		 kau	 kiyau	 hÆ°Æ¡ng	 hÆ°Æ¡ng	 hyang
103	205	é«ª	 ka	 *pat	 puÉ‘t	 puat		 foti	 fatu	---	 phÃ¡t	 pal
103	206	èšŠ	 ka	 *mÉ™n	 mun	 mun		 mon	 bun	---	 vÄƒn	 mwun
104	207	é¹¿	 ka	 *rok	 lok	 lÉ™wk		 roku	 roku	---	 lá»™c	 lwok
104	208	èŠ³	 ka, kagu	 *phaÅ‹	 phuÉ‘Å‹	 phuaÅ‹		 fau	 fau	---	 phÆ°Æ¡ng	 pang
105	209	æ­Ÿ	 ka	 *la	 jÉ‘	 jÉ¨a		 yo	 yo	---	 dÆ°, rÆ°	 ye
105	210	é¦™	 kago, kagu	 *haÅ‹	 hÉ¨É‘Å‹	 xÉ¨aÅ‹		 kau	 kiyau	 hÆ°Æ¡ng	 hÆ°Æ¡ng	 hyang
105	211	å„	 kaku	 *kÃ¢k	 kÉ‘k	 kak		 kaku	 kaku	 cÃ¡c, cáº¯c, gÃ¡c	 cÃ¡c	 kak
106	212	è¦º	 kaku	 *krÃ»k	 kÉ”k	 kaÉ¨wk > kÅ“:wk		 kaku, keu	 kaku	 giÃ¡c	 giÃ¡c, rÃ¡c	 kak, kwo
106	213	ç”˜	 kamu	 *kam	 kÉ‘m	 kam		 kamu	 kamu	 cam	 cam	 kam
107	214	å«	 kamu	 *É¡Ì‚m	 É¡É™m	 É£É™m > É£am		 gamu, gomu	 kamu	 hÃ m	 ham, hÃ m	 ham
107	215	æ•¢	 kamu	 *kÃ¢mÊ”	 kÉ‘mÊ”	 kam		 kamu	 kamu	 cÃ¡m, cáº£m, dÃ¡m	 cáº£m	 kam
107	216	å¹²	 kan, kani	 *kÃ¢n	 kÉ‘n	 kan		 kamu	 kan	 can, cÃ n, cÆ¡n	 can	 kan
108	217	é–‘	 kana	 *É¡rÃªn	 É¡É›n	 É£É™É¨n > É£É›:n		 gemu	 kan	 nhÃ n	 nhÃ n	 han
108	218	æ¼¢	 kani	 *hÃ¢ns	 hÉ‘nh	 xan		 kamu	 kan	 hÃ¡n	 hÃ¡n	 han
108	219	ç”²	 kapa, kapu	 *krÃ¢p	 kap	 kaÉ¨p > kÉ›:p		 kafu	 kafu	 giÃ¡p, nhÃ¡p, rÃ¡p	 giÃ¡p	 kap
109	220	åˆ	 kapi	 *É¡É™Ì‚p	 É¡É™p	 É£ap	 xÉ¦ap	 gafu	 kafu	 há»£p, háº¡p, háº¥p	 há»£p, hiá»‡p	 hap
109	221	éŸ“	 kara	 *É¡Ã¢n	 É¡an	 É£an	 xÉ¦an	 gamu	 kan	 hÃ n	 hÃ n	 han
109	222	è‘›	 katu	 *kÃ¢t	 kÉ‘t	 kat		 kati	 katu	 cÃ¡t	 cÃ¡t	 kal
109	223	è€ƒ	 kawa	 *khÃ»Ê”	 khouÊ”	 khÃ¢uÊ”		 kau	 kau	 kha	 kha	 ka
109	224	å—	 ke	 *ka	 kÉ¨É‘(h)	 kÉ¨É™		 ko	 kio	 cÆ°	 cÆ°	 ke, kuy
110	225	æ—¢	 ke	 *kÉ™ts	 kÉ¨s > kÉ¨j	 kÉ¨j		 ke	 ki	---	 kÃ½, kÃ­	 kuy
110	226	å¸Œ	 ke	 *hÉ™i	 hÉ¨i	 xÉ¨j		 ke	 ki	 hÆ¡i	 hi, hy	 huy
111	227	æ“§	 ke	 *kaÊ”	 kÉ¨É‘Ê”	 kÉ¨É™		 ko	 kio	 cá»­, cá»¡	 cá»­	 ke
111	228	æ°£	 ke	 *kÉ™(t)s	 kÉ¨s > kÉ¨j	 khÉ¨j		 ke	 ki	 khÃ­	 khÃ­	 kuy
112	229	æˆ’	 ke	 *krÌ‚h	 kÉ›h	 kÉ™É¨j	 kja:j	 kai	 kai	 giá»›i, giÃ¡i	 giá»›i, giÃ¡i	 kyey
113	230	é–‹	 ke	 *khÉ™Ì‚i	 khÉ™i	 khÉ™j	 khaj	 kai	 kai	 khai, khÆ¡i	 khai	 koy
113	231	è©²	 ke	 *kÉ™Ì‚	 kÉ™	 kÉ™j	 kaj	 kai	 kai	 cai, cÆ¡i	 cai	 koy, hoy
113	232	æ…¨	 ke	 *khÉ™Ì‚s	 khÉ™h	 khÉ™j	 khaj	 kai	 kai	 khá»›i, khÃ¡i	 khÃ¡i	 kay
114	233	æ¦‚	 ke	 *kÉ™Ì‚s	 kÉ™h	 kÉ™j	 kaj	 kai	 kai	 khÃ¡i	 cÃ¡i	 kay
114	234	å‡±	 ke	 *khÌ‚i	 khÉ™i	 khÉ™j	 khaj	 kai	 kai	 ngai	 kháº£i	 kay
114	235	æ„·	 ke	 *khÉ™jÊ”	 khÉ™i	 khÉ™j	 khaj	 kai	 kai	---	 kháº£i	 kay
115	236	éš	 ke	 *krÃ® or *krÉ™Ì‚i	 kÉ›i	 kÉ™É¨j	 kja:j	 ke	 kai	---	 giai	 koy, kyey
115	237	æ¯›	 ke	 *mhaw	 mau	 maw		 mou	 bou	 mao, mau	 mao	 mwo
116	238	é£Ÿ	 ke	 *m-lÉ™k	 ÅºÉ¨k	 Ê‘ik		 ziki	 sioku	 thá»±c	 tá»±, thá»±c	 sik
116	239	é£¼	 ke	 *s-lÉ™kh	 ziÉ™h	 Ê‘É¨		 zi	 si	---	 tÆ°	 so
116	240	æ¶ˆ	 ke	 *siau	 siau	 siaw		 seu	 seu	 tiÃªu, teo	 tiÃªu	 sywo
117	241	ç¬¥	 ke	 *sÉ™h	 siÉ™h	 sÉ¨		 si	 si	---	 tÆ°, tá»©	 so
117	242	æ”¯	 ki	 *ke	 É£uÉ‘k-kai-tÉ‘i-kie-lÉ”Ê” > Waka	 tÉ•ia		 si	 si	 chi, giÃª, xÃ i, xÃª	 chi	 ci
118	243	è€†	 ki	 *É¡ri	 É¡É¨	 É¡ji		 gi	 ki	---	 ká»³, kÃ¬, ká»‰	 ki, ci
118	244	å²	 ki	 *É¡e	 É¡ie	 É¡jie		 gi	 ki	---	 ká»³, kÃ¬	 ki
119	245	å‰	 ki, kiti	 *kit	 kit	 kjit		 kiti	 kitu	 kiáº¿t, cÃ¡t	 cÃ¡t	 kil
121	246	æ³	 ki	 *keÊ”	 kieÊ”	 tÉ•ia		 ki	 ki	---	 chá»‰	 ki, ci
121	247	æ£„	 ki	 *khis or *khits	 khis	 khij		 ki	 ki	---	 khÃ­	 ki
122	248	ä¼	 ki	 *ke	 kie	 É¡iÉ™		 gi	 ki	---	 kÄ©, ká»¹	 ki
123	249	ä¼	 ki	 *kheÊ” or *kheh	 khieÊ”, khieh	 khjiÉ™		 ki	 ki	 xÃ­	 khÃ­, xÃ­	 ki
124	250	ç¥‡	 ki	 *ke	 kie, gÉ¨i	 É¡jiÉ™	 kÉ¦ji	 gi	 ki	---	 ká»³, khÃ¬, kÃ¬	 ki
124	251	ç¥	 ki	 *É¡ij	 É¡É¨	 É¡ji	 kÉ¦ji	 gi	 ki	---	 ká»³, kÃ¬	 kuy
124	252	ä¾†	 ki	 *rÉ™	 lÉ™	 lÉ™j		 rai	 rai	 lai, lÆ¡i, lay	 lai	 lai
125	253	å¯¸	 ki	 *tshÃ»ns	 tshuÉ™nh	 tshwÉ™n		 sumu	 son	 thá»‘n, sÃ³n, xá»‘n	 thá»‘n	 chwon
125	254	æµ	 ki	 *thaÊ”	 tÅ›hÉ‘Ê”	 tÉ•huÉ™		 siyo	 siyo	 ngÃ³, ngÃµ, ngá»	 chá»­	 cye
126	255	å·±	 ko	 *kÉ™Ê”	 kÉ¨É™Ê”	 kÉ¨		 ko	 ki	 ká»·	 ká»·, ká»‰	 ki
127	256	è¨±	 ko	 *sÅ‹aÊ”	 hÉ¨É‘	 xÉ¨É™		 ko	 ki	 hÆ°Ã¡, há»›, há»­, há»¯	 hÆ°Ã¡	 he, hwo
128	257	æ—¢	 ko	 *kÉ™ts	 kÉ¨s > kÉ¨j	 kÉ¨j		 ke	 ki	---	 kÃ½, kÃ­	 kuy
129	258	å»	 ko	 *khah	 khÉ¨É‘h	 khÉ¨É™		 ko	 kio	 khá»©, khá»­	 khá»©, khá»­	 ke
129	259	å·¨	 ko	 *É¡waÊ”	 É¡É¨É‘Ê” or É¡yaÊ”	 É¡É¨É™		 go	 kio	 cá»±, cá»±a	 cá»±	 ke
130	260	å±…	 ko	 *ka	 kÉ¨É‘(h)	 kÉ¨É™		 ko	 kio	 cÆ°	 cÆ°	 ke, kuy
131	261	è™š	 ko	 *ha	 hÉ¨É‘	 xjwo		 ko	 kio	 hÆ°, hÆ¡	 hÆ°	 he
131	262	å¿Œ	 ko	 *É¡É™h	 É¡É¨É™h	 É¡É¨		 gi	 ki	 ká»µ, cá»¯, kiÃªng	 ká»µ, ká»‹	 kuy
132	263	æ“§	 ko	 *kaÊ”	 kÉ¨É‘Ê”	 kÉ¨É™		 ko	 kio	 cá»­, cá»¡, cá»Ÿ	 cá»­	 ke
132	264	è’	 ko	 *kaÊ”	 kÉ¨É‘Ê”	 kÉ¨É™	 kyÉ™	 ko	 kio	---	 cá»©, cá»¯, cá»­	 ke
133	265	æ“š	 ko	 *kah	 kÉ¨É‘h	 kÉ¨É™	 kyÉ™	 ko	 kio	 cá»›, cá»©	 cá»©	 ke
133	266	æ¸ 	 ko	 *É¡a	 É¡É¨É‘	 É¡É¨É™	 kÉ¦iÉ™	 go	 kio	 cá»«, gá»«a, khá»	 cá»«	 ke
133	267	æœ¨	 ko	 *mÃ´k	 mok	 mÉ™wk		 moku	 moku	 má»™c, má»c, má»‘c	 má»™c	 mok
134	268	èˆˆ	 ko, kogo	 *hÉ™Å‹	 hÉ¨Å‹	 xiÅ‹		 gou	 kiou	 hÄƒng, há»©ng	 hÆ°ng, há»©ng	 hung
134	269	æ¥µ	 koko, kogo	 *É¡É™k	 É¡É¨k	 É¡ik		 goku	 kioku	 cá»±c	 cá»±c	 kuk
134	270	ä»Š	 komu	 *kÉ™m	 kÉ¨m	 kim		 komu	 kimu	 kim	 kim	 kum
135	271	é‡‘	 komu	 *kÉ™m	 kÉ¨m	 kim		 komu, gomu	 kimu	 kim, ghim, gÄƒm	 kim	 kum
135	272	æ„Ÿ	 komu	 *kÉ™	 kÉ™mÊ”	 kÉ™m		 komu	 kamu	 cáº£m	 cáº£m	 kam
135	273	ç´º	 komu	 *kÌ‚ms	 kÉ™mh	 kÉ™m		 komu	 kamu	---	 cÃ¡m	 kam
135	274	ä¾¶	 kono	 *É¡É™nÊ”	 É¡É¨nÊ”	 É¡É¨n		 kon, gon	 kin	 cáº­n, gáº§n	 cáº­n	 kun
136	275	ä¹	 koti	 *khÉ™t	 khÉ¨t	 khÉ¨t		 koti	 kotu	 kháº¥t, kháº¯t, gáº¥t	 kháº¥t	 kel, kul, kuy
136	276	ä¹…	 ku	 *kwÉ™Ê”	 kuÊ” > kÉ¨u	 kuw		 ku	 kiu	 cá»­u	 cá»­u	 kwu
137	277	è·ª	 ku	 *É¡oiÊ” or *khoiÊ”	 É¡yaiÊ” or khyaiÊ”	 É¡wiÉ™		 guwi	 kuwi	 quÃ¬	 quá»‹	 kwey
138	278	å	 ku	 *kwaiÊ”	 kyaiÊ”	 kjwieÊ”		 kuwi	 kuwi	---	 cÃ¹	 kwey
138	279	è‹¦	 ku	 *khÃ¢Ê” or *khÃ¢h	 khÉ‘Ê” or khah	 k		 ku	 ko	 khá»•, khÃ³, cá»	 khá»•	 kwo
139	280	å¥	 ku	 *kÃ´	 ko	 kÉ™w		 ku	 kou	 cÃº, cÃ¢u	 cÃº, cÃ¢u	 kwu
140	281	ç–	 ku	 *kwÉ™Ê”	 ku > kÉ¨u	 kuw		 ku	 kiu	---	 cá»­u	 kwu
141	282	å£	 ku	 *khÃ´Ê”	 khoÊ”	 khÉ™w		 ku	 kou	 kháº©u	 kháº©u	 kwu
141	283	ç¾¤	 ku, kuru	 *É¡un	 É¡un	 É¡un		 gumu	 kun	 quáº§n, quáº±n	 quáº§n	 kun
141	284	ä¸˜	 ku	 *khwÉ™	 khu	 khuw		 ku	 kiu	 kheo	 khÆ°u, khÃ­u, vÆ°u	 kwu
142	285	ä¹	 ku	 *kuÊ”	 kuÊ”	 kuw		 ku	 kiu	 cÃ»u	 cÃ»u	 kwu
142	286	é³©	 ku	 *ku	 ku	 kuw		 ku	 kiu	 cÆ°u	 cÆ°u	 kwu
142	287	å­”	 ku, kugu	 *khÃ´Å‹Ê”	 khoÅ‹Ê”	 khÉ™wÅ‹		 kuu	 kou	 khá»•ng	 khá»•ng	 kwong
143	288	å€¶	 ku	 *ko	 kÉ¨o	 kuÉ™	 kyÉ™	 gu	 ku	 gÃ¹	 cÃ¢u, cu	 kwu
143	289	å€	 ku	 *kho	 khuo	 khuÉ™	 khyÉ™	 ku	 ku	 khu, khÃ¹	 khu	 kwu
144	290	çŸ©	 ku	 *kwaÊ”	 kyÉ‘Ê”	 kuÉ™	 kyÉ™	 ku	 ku	 cá»§	 cá»§	 kwu
144	291	çµ‡	 ku	 *É¡o	 É¡É¨o	 É¡uÉ™	 kÉ¦yÉ™	 gu	 ku	---	 cÃ¹	 kwu
145	292	çª¶	 ku	 *É¡roÊ”	 É¡uo	 É¡uÉ™	 kÉ¦yÉ™	 gu	 ku	 cÅ©	 cÅ©	 kwu
145	293	è¡¢	 ku	 *É¡wa	 É¡yÉ‘	 É¡uÉ™	 kÉ¦yÉ™	 gu	 ku	 cÃ¹	 cÃ¹	 kwu
145	294	å±¨	 ku	 *kroh	 kuo	 kuÉ™	 kyÉ™	 ku	 ku	---	 lá»§, cá»§	 kwu
145	295	ä¾†	 ku	 *rÉ™	 lÉ™	 lÉ™j		 rai	 rai	 lai, lÆ¡i	 lai	 lai
146	296	åŠŸ	 kugu	 *kÃ´Å‹	 koÅ‹	 kÉ™wÅ‹		 kuu	 kou	 cÃ´ng	 cÃ´ng	 kwong
146	297	èŠ	 kuku	 *kuk	 kuk	 kuwk	 kiwk	 kuku	 kiku	 cÃºc	 cÃºc	 kwuk
146	298	é 	 kuku	 *kuk	 kuk	 kuwk		 kuku	 kiku	 cÃºc	 cÃºc	 kwuk
146	299	å›	 kuni, ku	 *kun	 kun	 kun		 kumu	 kun	 quÃ¢n	 quÃ¢n	 kwun
147	300	è¨“	 kuni, ku	 *huns	 hunh	 xun		 kumu	 kun	 huáº¥n	 huáº¥n	 kwun
147	301	å¿½	 kuta	 *hmÉ™Ì‚t	 huÉ™t	 xwÉ™t		 koti	 kotu	 hÃ´t	 há»‘t	 hwol
148	302	éª¨	 kutu	 *kÃ»t	 kuÉ™t	 kwÉ™t		 koti	 kotu	 cá»‘t	 cá»‘t	 kwol
148	303	é¬¼	 kwi	 *kuiÊ”	 kuiÊ”	 kjweiÊ”		 kuwi	 kuwi	 quá»·	 quá»·	 kuy
149	304	è²´	 kwi	 *kus	 kuis	 kuj		 kuwi	 kuwi	 quÃ­	 quÃ½, quÃ­	 kwuy
150	305	æ­¸	 kwi	 *kwÉ™i	 kui	 kuj		 kuwe	 kuwi	 qui	 quy, qui	 kuy
150	306	ç´€	 kwi	 *kÉ™Ê”	 kÉ¨É™Ê”	 kÉ¨		 ko	 ki	 ká»¹	 ká»·, ká»‰	 kuy
151	307	å¹¾	 kwi	 *kÉ™iÊ”	 kÉ¨iÊ”	 kÉ¨j		 ke	 ki	---	 cÆ¡, ky, ká»·	 kuy
151	308	å¥‡	 kwi	 *kai or *É¡ai	 kÉ¨ai or É¡É¨ai	 kiÉ™ or É¡iÉ™		 gi	 ki	 cáº£, ká»³	 cÆ¡, ká»³	 kuy
152	309	è¨˜	 kwi	 *kÉ™h	 kÉ¨É™h	 kÉ¨		 ko	 ki	 kÃ½, ghi	 kÃ½	 kuy
152	310	å¯„	 kwi	 *kaih	 kÉ¨aih	 kiÉ™		 ki	 ki	---	 kÃ­, kÃ½	 kuy
152	311	ç¶º	 kwi	 *khaiÊ”	 khÊ”aiÊ”	 khiÉ™		 ki	 ki	---	 khá»‰, á»¹	 kuy
152	312	é¨	 kwi	 *É¡aih	 É¡É¨É‘ih	 É¡iÉ™	 kÉ¦i	 gi	 ki	 ká»µ	 kÃ¬, ká»³, ká»µ	 kuy
153	313	æ©Ÿ	 kwi	 *kÉ™i	 kÉ¨i	 kÉ¨j	 ki	 ke	 ki	 cÆ¡	 cÆ¡	 kuy
153	314	åŸº	 kwi	 *kÉ™	 kÉ¨É™	 kÉ¨	 ki	 ko	 ki	 cÆ¡	 cÆ¡	 kuy
153	315	å·±	 kwi	 *kÉ™Ê”	 kÉ¨É™	 kÉ¨	 ki	 ko	 ki	 ká»·	 ká»·, ká»‰	 kuy
153	316	æ—¢	 kwi	 *kÉ™ts	 kÉ¨s > kÉ¨j	 kÉ¨j	 ki	 ke	 ki	---	 kÃ½, kÃ­	 kuy
154	317	æ°£	 kwi	 *khÉ™(t)s	 kÉ¨s > kÉ¨j	 khÉ¨j	 khi	 ke	 ki	 khÃ­	 khÃ­	 kuy
154	318	æœ¨	 kwi	 *mÃ´k	 mok	 mÉ™wk		 moku	 moku	 má»™c, má»c, má»‘c	 má»™c	 mwok
155	319	åŸ	 kwi	 *É¡eÅ‹	 dÅºeÅ‹	 dÊ‘iajÅ‹		 ziyau	 sei	 thÃ nh	 thÃ nh	 syeng
156	320	é»„	 kwi	 *wÃ¢Å‹	 É£uaÅ‹	 É£waÅ‹		 wau		 hoÃ ng	 hoÃ ng, huá»³nh	 hwang
156	321	æ¨¹	 kwi	 *doÊ”	 dÅºoÊ”	 dÊ‘uÉ™		 ziu	 siu	---	 thá»¥	 syu
156	322	èƒ¡	 kwo	 *kÃ¢Ê”	 kÉ‘Ê” > kÉ”	 kÉ”		 ko	 ko	 cá»•	 cá»•	 kwo
157	323	è§š	 kwo	 *kwÃ¢	 kua > kuÉ”	 kÉ”		 ko	 ko	---	 cÃ´	 kwo
157	324	é«˜	 kwo	 *kaw	 kau	 kaw		 kau	 kau	 cao	 cao	 kwo
159	325	å›º	 kwo	 *kÃ¢h	 kÉ‘h > kÉ”	 kÉ”		 ko	 ko	 cÃ³	 cá»‘, cá»•	 kwo
159	326	æ•…	 kwo	 *kÃ¢h	 kÉ‘h > kÉ”	 kÉ”		 ko	 ko	 cá»‘	 cá»‘	 kwo
160	327	åº«	 kwo	 *khÃ¢h	 khÉ‘h	 khÉ”		 ko	 ko	 khá»‘, kho	 khá»‘	 kwo
160	328	ç¥œ	 kwo	 *É¡Ã¢Ê”	 É¡É‘Ê” > É¡É”Ê”	 É£É”		 go	 ko	---	 há»™	 hwo
160	329	æ¯	 kwo	 *khÃ¢	 khÉ‘ > kÉ”	 khÉ”		 ko	 ko	 khÃ´, gá»—	 khÃ´	 kwo, kwu
160	330	å§‘	 kwo	 *kÃ¢	 kÉ‘ > kÉ”	 kÉ”	 kuÉ™	 ko	 ko	 cÃ´	 cÃ´	 kwo
161	331	å­¤	 kwo	 *kwÃ¢	 kuÉ‘ > kuÉ”	 kÉ”	 kuÉ™	 ko	 ko	 cÃ´, co	 cÃ´	 kwo
161	332	é¡§	 kwo	 *kÃ¢Ê”	 kÉ‘h > kÉ”	 kÉ”	 kuÉ™	 ku	 ko	 cá»‘	 cá»‘	 kwo
162	333	èƒ¡	 kwo	 *É¡Ã¢	 É¡É‘ > É¡É”	 É£É”	 xÉ¦uÉ™	 go	 ko	 hÃ², há»“	 há»“	 hwo
162	334	å­	 kwo	 *tsÉ™Ê”	 tsiÉ™Ê”	 tsÉ¨		 si	 si	 tÃ­, tá»­, gÃ£	 tÃ­, tá»­	 co
162	335	å¶‹è³£	 kwo	 *Å‹e	 Å„e	 É²iÉ™		 ni	 zi	 nhi, SV: nhi		 o, yey
163	336	å°	 kwo	 *sewÊ”	 siauÊ”	 siaw		 seu	 seu	 tÄ©u, tiá»ƒu	 tiá»ƒu	 sywo
164	337	ç± 	 kwo	 *rÃ´Å‹(Ê”)	 loÅ‹(h)	 lÉ™wÅ‹(h)		 ru	 rou	 lung, lá»“ng, trÃ´ng	 lung	 rong
164	338	ç²‰	 kwo	 *pÉ™nÊ”	 punÊ”	 punÊ”		 fumu	 fun	 pháº¥n	 pháº¥n	 pun
164	339	å¥š	 kye	 *É¡Ãª	 É¡e	 É£É›j		 gei	 kei	 há»	 há»	 hoi, hyey
165	340	ç¥	 kye	 *É¡ri	 É¡É¨	 É¡ji		 gi	 ki	 kÃ¬	 ká»³, kÃ¬	 kuy
166	341	å®¶	 kye	 *krÃ¢	 ka	 kaÉ¨		 ke	 ka	 gia, nhÃ 	 gia	 ka
167	342	è¨ˆ	 kye	 *kÃ®h	 keih	 kÉ›j		 ke	 kei	 ká»…, káº½, kÃª	 káº¿	 kyey
167	343	é·„	 kye	 kÃª	 ke	 kÉ›j		 ke	 kei	 ke	 kÃª	 kyey
168	344	ä»‹	 kye	 *krÃª(t)s	 kÉ›s	 kÄƒih		 kai, ke	 ka	 giá»›i	 giá»›i	 kay, kal
169	345	è°¿	 kye	 *khÃª	 khe	 khiei		 ke	 kei	 khÃª, khe	 khÃª	 kyey
169	346	åƒ¹	 kye	 *krÃ¢h	 kah				 ka	 giÃ¡	 giÃ¡	 ka
169	347	è³ˆ	 kye	 *krÃ¢h	 kah				 ka	 giÃ¡	 giáº£	 ka, kwo
169	348	çµ	 kye	 *kÃ®t	 ket	 kÉ›t		 keti	 ketu	 káº¿t, kiáº¿t, cá»©t	 káº¿t	 kyel
170	349	ä¿‚	 kye	 *kÃªh or *É¡Ãªh	 keh or É¡eh	 kÉ›j or É£É›j		 ke	 kei	 há»…, há»‡	 há»‡	 kyey, hyey
170	350	ç¨½	 kye	 *kÃ® or *khÃ®Ê”	 kei or kheiÊ”	 kiei	 kjiaj	 ke	 kei	 ghe	 ká»ƒ	 kyey
170	351	å•“	 kye	 *khÃ®Ê”	 kheiÊ”	 khieiÊ”	 khjiaj	 kei	 kei	 kháº£i	 kháº£i	 kyey
171	352	æºª	 kye	 *khÃª	 khe	 khiei		 ke	 kei	 khÃª, khe	 khÃª	 kyey
171	353	ç•°	 kye	 *lÉ™kh	 jÉ™h	 jiÉ¨h		 i	 i	 dá»‹	 dá»‹, rá»‹	 i
171	354	å…¼	 kyemu	 *kÃªm(s)	 kem(h)	 kiem(h)		 kemu	 kemu	 kiÃªm, kem, kÃ¨m	 kiÃªm	 kyem
171	355	ç›£	 kyemu	 *krÃ¢m	 kam	 kam		 kemu	 kamu	 giÃ¡m	 giam, giÃ¡m	 kam
172	356	éšª	 kyemu	 *hÅ‹ramÊ”	 hÉ¨amÊ” or hÉ¨amÊ”	 xjÃ¤mÊ”, xjÉmÊ”		 kemu	 kemu	 hiá»ƒm, hiáº¿m, háº»m	 hiá»ƒm	 hem
173	357	é¦¬	 ma	 *mrÃ¢Ê”	 maÊ”	 maÊ”		 me	 ba	 mÃ£	 mÃ£	 ma
173	358	å¼­æ³	 ma	 *mrÃ¢i	 mai > ma	 ma		 ma	 ba	 ma	 ma	 ma
174	359	æœ«	 ma, matu	 *mÃ¢t	 mat	 mwÃ¢t		 mati, matu	 batu	 máº¡t, mÆ°á»£t	 máº¡t	 mal
174	360	æ˜§	 ma	 *mÌ‚s	 mÉ™s	 mwáº­ih		 mai	 bai	 má»¥i	 muá»™i	 moy
176	361	æ»¿	 ma	 *mÃ¢nÊ”	 manÊ”	 mwÃ¢nÊ”		 mamu	 ban	 mÃ£n, má»Ÿn	 mÃ£n	 man
176	362	è«	 ma, maku	 *mÃ¢k	 mak	 mÃ¢k		 maku	 baku	 máº¡c	 máº¡c	 mak, mwo
177	363	æ˜	 ma	 *mraÅ‹	 mÉ¨aÅ‹	 mjÉÅ‹		 miyau	 mei	 minh, miÃªng	 minh	 myeng
177	364	ç£¨	 ma	 *mÃ¢i	 mÉ‘i > ma	 mwÃ¢		 ma	 ba	 mÃ i	 ma, máº¡	 ma
177	365	è¬	 ma, mani	 *mÃ¢ns	 muÉ‘nh	 mjwÉnh		 mamu	 ban	 váº¡n, vÃ n	 váº¡n	 man
178	366	æ‘©	 ma	 *mÃ¢i	 mÉ‘i > ma	 mwÃ¢		 ma	 ba	---	 ma	 ma
179	367	éº¼	 ma	 *mai	 mÉ¨É‘i > mÉ¨e	 mje	 mba	 ma	 ba	 ma, mÃ´	 máº£	 ma
180	368	é­”	 ma	---	---	 ma		 ma	 ba	 ma	 ma	 ma
180	369	è½	 ma	 *mÃ¢Å‹Ê”	 mÉ‘Å‹Ê”	 mwÃ¢Å‹Ê”		 mau	 bau	 mÃ£ng, máº£ng	 mÃ£ng	 mang, mwo, mwu
180	370	é–“	 ma	 *krÃªn	 kÉ›n	 kÄƒn		 kemu	 kan	 gian, giÃ¡n, dÃ¡n	 gian, giÃ¡n, dan	 kan, ken, han
181	371	ç›®	 ma	 *muk	 muk	 mjuk		 moku	 boku	 má»¥c	 má»¥c	 mwok
181	372	ä¿¡	 ma	 *sins	 sinh	 sjenh		 simu	 sin	 tin, tÃ­n	 tÃ­n	 sin
181	373	é¬¼	 ma	 *kuiÊ”	 kuiÊ”	 kjweiÊ”		 kuwi	 kuwi	 quá»·	 quá»·	 kuy
182	374	çœ	 ma	 *tin	 tÅ›in	 tÅ›jen		 simu	 sin	 chÃ¢n	 chÃ¢n	 cin
182	375	å–šçŠ¬	 ma	---	---	---		---	---	---	---	---
182	376	æœ›	 maga, magu	 *maÅ‹	 muaÅ‹	 mjwaÅ‹		 mau	 bau	 vá»ng	 vá»ng	 mang
183	377	å¹•	 maku	 *mÃ¢k	 mak	 mÃ¢k		 maku	 baku	---	 máº¡c, má»™	 mak
183	378	ç±³	 me	 *mÃ®Ê”	 meiÊ”	 mieiÊ”		 mai	 bei	 má»…, máº½	 má»…	 myey
184	379	æ¢…	 me	 *mÃª or *mÃªÊ”	 mÉ™	 mwáº­i		 mai	 bai	 mai	 mai	 moy
184	380	è¿·	 me	 *mÃ®	 mei	 miei		 mai, mei	 bei	 mÃª	 mÃª	 mi
185	381	æ˜§	 me	 *mÉ™Ì‚s	 mÉ™s	 mwáº­ih		 mai	 bai	 má»¥i	 muá»™i	 moy
185	382	æ¯	 me	 *mÌ‚Ê”	 mÉ™Ê”	 mwáº­iÊ”		 mai	 bai	 má»—i	 má»—i	 moy
186	383	å¦¹	 me	 *mÉ™Ì‚s	 mÉ™s	 mwáº­i		 mai	 bai	---	 muá»™i	 moy
186	384	ç›®	 me	 *muk	 muk	 mjuk		 moku	 boku	 má»¥c	 má»¥c	 mwok
187	385	çœ¼	 me	 *Å‹rÌ‚nÊ”	 Å‹É›nÊ”	 Å‹ÄƒnÊ”		 gemu	 gan	 nhan, nhÃ£n, nhá»Ÿn	 nhÃ£n, nhá»¡n	 an
187	386	æµ·è—»	 me	---	---	---		---	---	---	---	---
187	387	ä½œæ²™	 mi	 *meÊ”	 mieÊ”	 mjieÊ”		 mi	 bi	---	 di, ri, nhÄ©	 mi
188	388	ç¾	 mi	 *muiÊ”	 mÉ¨Ê”	 mjiÊ”		 mi	 bi	 má»¹, má»‰, máº»	 mÄ©	 mi
190	389	ç€°	 mi	 *meÊ”	 mieÊ”	 mjieÊ”	 mbji	 mi	 bi	---	 má»…, ri	 mi
190	390	æ°‘	 mi	 *min	 min	 mjien		 min	 bin	 dÃ¢n	 dÃ¢n	 min
190	391	å¼­	 mi	 *meÊ”	 mieÊ”	 mjieÊ”		 mi	 bi	 nháº¹	 má»…, nhá»‹	 mi
191	392	å¯	 mi	 *mis	 mis	 mih		 mi	 bi	 má»‹	 má»‹	 pi
191	393	æ¹„	 mi	 *mui	 mÉ¨	 mji		 mi	 bi	 mÆ°a	 mi	 mi
191	394	ä¸‰	 mi	 *sÌ‚m	 sam, sÉ™m	 sÃ¢m		 samu	 san	 tam	 tam	 sam
192	395	å¾¡	 mi	 *Å‹ah	 Å‹É¨ah	 Å‹jwoÊ”		 go	 gyo	 ngá»±, ngá»£	 ngá»±	 a, e
192	396	è¦‹	 mi	 *kÃªns	 kenh	 kienh		 kemu	 ken	 kiáº¿n	 kiáº¿n	 kyen
193	397	æ°´	 mi	 *lhuiÊ”	 tÅ›uiÊ” or Å›uiÊ”	 Å›wiÊ”		 suwi	 sui	 thá»§y	 thuá»·	 swu
193	398	åƒ	 mi	 *tshÌ‚m	 tshÉ™m	 tsháº­m		 samu	 san	 tham, sÃ¢m	 tham	 sam, cham, som, chom
193	399	è¦–	 mi	 *É¡iÊ”	 É¡iÊ”, É¡ih	 ÅºiÊ”, Åºih		 zi	 si	 thá»‹	 thá»‹	 si
194	400	æ•	 minu	 *mÉ™Ì‚Ê”	 mÉ¨É™nÊ”	 mj(w)en		 min	 bin	 máº«n, máº©n	 máº«n	 min
194	401	æ¯	 mo	 *mÉ™Ê”	 mÉ™Ê”	 mÉ™u		 mo, mu	 bou	 máº«u	 máº«u	 mwu
195	402	æ–‡	 mo	 *mÉ™n	 mun	 mjwÉ™n		 momu	 bun	 vÄƒn	 vÄƒn	 mwun
196	403	æ¢…	 mo	 *mÃª or *mÃªÊ”	 mÉ™	 mwáº­i		 mai	 bai	 mai	 mai	 moy
196	404	èŒ‚	 mo	 *muh	 muh	 mÉ™uh		 mu	 bou	 máº­u	 máº­u	 mwu
196	405	æœ›	 mo	 *maÅ‹	 muaÅ‹	 mjwaÅ‹		 mau	 bau	 vá»ng	 vá»ng	 mang
197	406	æš®	 mo	 *mÃ¢kh	 mah	 muoh		 mo	 bo	 má»™, mÃ´	 má»™	 mwo
197	407	æ…•	 mo	 *mÃ¢kh	 mah	 muoh		 mo	 bo	---	 má»™	 mwo
198	408	è½	 mo	 *mÃ¢Ê”	 mÉ‘Ê”	 muoh		 mau	 bau	 mÃ£ng, máº£ng	 mÃ£ng	 mang, mwo, mwu
198	409	è¬€	 mo	 *mÉ™	 muÉ™ > mu	 mjÉ™u		 mu	 bou	 mÆ°u	 mÆ°u	 mwo, mwu
199	410	å¢“	 mo	 *mÃ¢kh	 mah	 muoh		 mo	 bo	 má»™, má»“	 má»™	 mwo
199	411	æ‚¶	 mo	 *mÉ™	 mÉ™n	 mwÉ™n		 momu	 bon	 muá»‘n, má»¥n	 muá»™n	 mwun
199	412	è	 mo	 *mÉ™n	 mun	 mjwÉ™n		 momu	 bun	 vÄƒn	 váº¯n	 mwun
200	413	å¿˜	 mo	 *maÅ‹	 muaÅ‹	 mjwaÅ‹		 mau	 bau	 vong	 vong	 mang
200	414	è’™	 mo	 *mÃ´Å‹	 moÅ‹	 muÅ‹		 mou	 bou	 mong, má»ng	 mÃ´ng	 mwong
200	415	é–€	 mo	 *mÃªn	 mÉ™n	 mwÉ™n		 momu	bon	 mon, mÃ´n	 mÃ´n	 mwun
201	416	å•	 mo	 *mÉ™ns	 munh	 mjwÉ™nh		 momu	 bun	 váº¯n, váº·n, váº¥n	 váº¥n	 mwun
201	417	å‹¿	 mo	 *mÉ™t	 mut	 mjwÉ™t		 moti	 butu	 váº¥t	 váº­t	 mwul
201	418	ç•	 mo	 *mÌ‚Ê”~*mÃ´Ê”	 mÉ™Ê”~moÊ”	 mÉ™uÊ”		 mo	 bou	 máº«u, máº©u	 máº«u	 mwu
201	419	ç‰©	 mo, moti, moto	 *mÉ™t	 mut	 mjwÉ™t		 moti	 butu	 váº¯t, váº­t	 váº­t	 mwul
202	420	è£³	 mo	 *djaÅ‹	 dÅºaÅ‹	 ÅºjaÅ‹		 ziyau	 siyau	---	 thÆ°á»ng	 syang
202	421	è—»	 mo	 *tsÃ¢uÊ”	 tsauÊ”	 tsÃ¢uÊ”		 sau	 sau	 táº£o	 táº£o	 cwo
203	422	å–ª	 mo	 *sÃ¢Å‹	 saÅ‹	 sÃ¢Å‹		 sau	 sau	 tang, tÃ¡ng	 tang, tÃ¡ng	 sang
203	423	å“­	 mo	 *khÃ´k	 khok	 khuk		 koku	 koku	 khÃ³c	 khá»‘c	 kwok
203	424	è£™	 mo	 *É¡wÉ™n	 É¡un	 É¡jwÉ™n		 gun	 kun	 quáº§n	 quáº§n	 kwun
203	425	æœ¨	 moko, mo	 *mÃ´k	 mok	 muk		 moku	 boku	 má»™c, má»c, má»‘c	 má»™c	 mwok
204	426	æ²¡	 moto	 *mÉ™Ì‚t	 muÉ™t	 mwÉ™t		 moti	 botu	 má»™t	 má»™t	 mwol
204	427	åœ‹	 mu	 *mu	 mu	 mjÉ™u		 mu	 bou	 máº§u, mÃ u, mÃ o	 mÃ¢u, máº§u	 mwo, mwu
205	428	æ­¦	 mu	 *maÊ”	 muaÊ”	 mjuÊ”		 mu	 bu	 vÅ©, vÃµ	 vÅ©	 mwu
207	429	æ¨¡	 mu	 *mÃ¢	 ma	 muo		 mo	 bo	 mo, mu, mua	 mÃ´	 mwo
207	430	ç„¡	 mu	 *ma	 mua	 mju		 mu	 bu	 vÃ´	 vÃ´	 mwu
208	431	æ— 	 mu	 *ma	 mua	 mju		 mu	 bu	 vÃ´	 vÃ´	 mwu
208	432	å‹™	 mu	 *moh	 muoh	 muÉ™		 mu	 bu	 vá»¥, mÃ¹a	 vá»¥	 mwu
208	433	éœ§	 mu	 *moh	 muoh	 mjuh		 mu	 bu	 vá»¥	 vá»¥	 mwu
209	434	å¤¢	 mu	 *mÉ™Å‹	 muÅ‹	 mjuÅ‹		 mu, mumu	 bou	 mÃ²ng, má»“ng	 mÃ´ng, má»™ng	 mwong
209	435	è¬€	 mu	 *mÉ™	 muÉ™ > mu	 mjÉ™u		 mu	 bu	 mÆ°u	 mÆ°u	 mwo, mwu
209	436	éµ¡	 mu	 *maÊ”	 muaÊ”	 mjuÊ”		 mu	 bu	 vÅ©, vá»	 vÅ©	 mwu
210	437	å„›	 mu	 *maÊ”	 muÉ‘Ê”	 muÉ™		 mu	 bu	---	 vÅ©	 mwu
210	438	èŒ‚	 mu	 *muh	 muh	 mÉ™uh		 mu	 bou	 máº­u	 máº­u	 mwu
210	439	å…­	 mu	 *ruk	 liuk	 ljuk		 roku	 riku	 lá»¥c	 lá»¥c	 lwuk
210	440	èº«	 mu	 *lhin	 Å›in	 Å›jen		 simu	 sin	 thÃ¢n	 thÃ¢n	 sin
211	441	ç‰›é³´	 mu	---	---	---		---	---	---	---	---
211	442	ç›®	 muku	 *muk	 muk	 mjuk		 moku	 boku	 má»¥c	 má»¥c	 mwok
211	443	æœª	 mwi	 *mÉ™s	 mus	 mjweih		 mi	 bi	 mÃ¹i	 mÃ¹i, vá»‹	 mi
212	444	å‘³	 mwi	 *mÉ™s	 mus	 mjweih		 mi	 bi	 mÃ¹i, vá»‹	 vá»‹	 mi
213	445	å¾®	 mwi	 *mÉ™i	 mui	 mjwei		 mi	 bi	 vi	 vi	 mi
213	446	å°¾	 mwi	 *mÉ™iÊ”	 muiÊ”	 mjweiÊ”		 mi	 bi	 vÄ©, vÃ£, váº£i	 vÄ©	 mi
214	447	èº«	 mwi	 *lhin	 Å›in	 Å›jen		 simu	 sin	 thÃ¢n	 thÃ¢n	 sin
214	448	å¯¦	 mwi	 *m-lit	 Åºit	 dÅºjet		 ziti	 situ	 tháº­t, thiá»‡t	 thá»±c	 sil
214	449	ç®•	 mwi	 *kÉ™	 kÉ¨É™ > kÉ¨	 kjÉ¨		 ki	 ki	 kia, kÃ¬a	 ki	 kuy
214	450	å¯†	 mwi(tu)	 *mrit	 mÉ¨t	 mjet		 miti	 bitu	 máº­t	 máº­t	 mil
215	451	æ¨¡	 mwo	 *mÃ¢	 ma > mÉ”	 muo		 mo	 bo	 mo, mÃ´, mu	 mÃ´	 mwo
215	452	è¬¨	 mwo	 *mÃ¢Ê”	 ma > mÉ”	 muo		 mo	 bo	 mo, mÃ´	 mÃ´	 mwo
215	453	æ¯›	 mwo	 *mÃ¢u	 mau	 mÃ¢u		 mou	 bou	 mao, mau	 mao	 mwo
216	454	è³£	 mye	 *mrÃªh	 mÉ›h	 maÉ¨h		 mai	 bai	 máº¡i	 máº¡i	 may
218	455	å’©	 mye	---	---	 miÉ™		 miya, mii, mei	---	 me	---	 mi
219	456	é¦¬	 mye	 *mrÃ¢Ê”	 maÊ”	 maÊ”		 me	 ba	 mÃ£	 mÃ£	 ma
219	457	é¢	 mye	 *mens	 mianh	 mjiÃ¤n		 memu	 ben	 diá»‡n	 diá»‡n, riá»‡n	 myen
220	458	è¿·	 mye	 *mÃ®	 mei	 miei		 mei	 bei	 mÃª	 mÃª	 mi
220	459	è¬	 mye	 *mÃ®h	 meih	 mieih		 mai, mei	 bei	 mÃª	 mÃª	 mi
220	460	ç¶¿	 mye	---	 mian	 mjiÃ¤n		 men	 ben	 mÃªn, men, min	 miÃªn	 myen
220	461	æ˜	 mye	 *mraÅ‹	 mÉ¨aÅ‹	 mjÉÅ‹	 miajÅ‹	 miyau	 mei	 minh, miÃªng	 minh	 myeng
221	462	å¥³	 mye	 *nraÊ”	 á¹‡iaÊ”	 á¹‡jwoÊ”		 nyo	 dyo	 ná»¯, ná»›, ná»£, ná»¯a	 nhá»¯, ná»¯, ná»©	 nye
221	463	å©¦	 mye	 *bÉ™Ê”	 buÊ”	 bjÉ™uÊ”		 bu	 fuu	 phá»¥, vá»£	 phá»¥	 pwu
222	464	å¥´	 na	 *nÃ¢	 nÉ‘	 nuo		 nu	 do	 nÃ´, no, nÃ³	 nÃ´	 nwo
222	465	é‚£	 na	 *nÃ¢i	 nÉ‘i > nÉ‘	 nÃ¢		 na	 da	 na, nÃ¡, náº£, nÃ 	 na, nÃ¡, náº£	 na
223	466	é›£	 na, nani	 *nÃ¢n	 nÉ‘n	 nÃ¢n		 namu	 dan	 nan, náº¡n, nÃ n	 nan, náº¡n	 nan
224	467	ä¹ƒ	 na	 *nÉ™Ì‚Ê”	 nÉ™Ê”	 náº­iÊ”		 nai	 dai	 náº£y	 nÃ£i	 nay
224	468	å¤•åº­	 na	 *nÃ¢s	 nÉ‘s > nÉ‘i	 nÃ¢ih		 nai	 dai	 nÃ i, náº¡i, náº¡y	 náº¡i, nai	 nay
225	469	å„º	 na	 *nÃ¢i	 nÉ‘i	 nÃ¢		 na	 da	---	 na	 na
225	470	å¨œ	 na	---	---	 na		 na	 da	 na, náº¡	 nÃ£	 na
227	471	å¯§	 na	 *nÃªÅ‹	 neÅ‹	 nieÅ‹	 niajÅ‹	 niyau	 nei	 ninh	 ninh	 nyeng
227	472	å	 na	 *meÅ‹	 mieÅ‹	 mjiÃ¤Å‹		 myau	 mei	 danh, ranh	 danh	 myeng
228	473	é­š	 na	 *Å‹a	 Å‹É¨É‘	 Å‹jwo		 go	 gyo	 ngÆ°, ngÆ¡	 ngÆ°	 e
228	474	ä¸­	 na	 *truÅ‹	 á¹­uÅ‹	 tjuÅ‹		 tiu	 tiu	 trung, truÃ´ng	 trung, trÃºng, trá»ng	 cyung
228	475	èœ	 na	 *tshÌ‚h	 tshÉ™h	 tsháº­ih		 sai	 sai	---	 thÃ¡i	 choy
228	476	ä¸ƒ	 na	 *tshit	 tshit	 tshjet		 siti	 situ	 tháº¥t	 tháº¥t	 chil
229	477	è«	 na	 *mÃ¢kh	 mah	 muoh		 maku		 máº¡c	 máº¡c	 mwo, mak, moyk
229	478	åš¢	 nagi	 *nÃ¢Å‹	 naÅ‹	 nÃ¢Å‹		 nau	 dau	 nang	 nang	 nang
229	479	è«¾	 naki	 *nÃ¢k	 nak	 nÃ¢k		 naku	 daku	 náº·c	 náº·c	 nak
229	480	å°å—	 name, nami, namu	 *nÉ™	 nÉ™m	 náº­m		 namu	 dan	 nam	 nam	 nam
230	481	å†‰	 nami	 *namÊ”	 Å„amÊ”	 Å„ÅºjÃ¤mÊ”		 nemu	 zemu	 nhiá»‡m	 nhiá»…m	 ngyem
230	482	å°¼	 ne	 *nri or *ni	 á¹‡i or neih	 nri		 ni	 di	 ni, nÆ¡i, nÃ y	 ni, náº­c, náº­t	 ni, nil
231	483	ç¦°	 ne	 *nÃªÊ”	 neÊ”	 nieiÊ”		 nei	 dei	 nÃ©, náº½	 ná»…	 nyey
232	484	æ³¥	 ne	 *nÃ®Ê” or *nÃ®h	 neiÊ”, neih	 nieiÊ”, nieih		 nei	 dei	 nÃª, ná», ná»…, nÃ¨	 nÃª, ná»‡	 ni
232	485	åŸ¿	 ne	 *nÃ®Ê” or *nÃ®h	 neiÊ”, neih	 nieiÊ”, nieih		 nei	 dei	---	---	 ni
234	486	å¹´	 ne	 *nÃ®n	 nen	 nien		 nemu	 den	 nÃªn	 niÃªn	 nyen
234	487	æ¶…	 ne	 *nÃ®t	 net	 niet		 neti	 detu	 nÃ©t, nÃ­t, ná»›t, ná»©t	 nÃ¡t, niáº¿t	 nyel, nal
234	488	æ ¹	 ne	 *kÉ™Ì‚n	 kÉ™n	 kÉ™n		 komu	 kon	 cÄƒn, cá»—i	 cÄƒn	 kun
235	489	å¶º	 ne	 *rÃªÅ‹Ê”	 lieÅ‹Ê”	 ljÃ¤Å‹Ê”		 riyau	 rei	---	 lÄ©nh	 lyeng
235	490	å¿µ	 nemu	 *nÃ®ms	 nemh	 niemh		 nemu	 demu	 niá»‡m.	 niá»‡m	 nyem
235	491	çˆ¾	 ni	 *neÊ”	 Å„eÊ”	 Å„ÅºjeÊ”		 ni	 zi	 nÄ©	 nhÄ©	 i
236	492	è²³	 ni	 *nis	 Å„is	 Å„Åºih		 ni	 zi	 nhÃ¬, nháº¹	 nhá»‹	 i
238	493	äºŒ	 ni	 *nis	 Å„is	 Å„Åºih		 ni	 zi	 nhÃ¬, nháº¹	 nhá»‹	 i
238	494	ä»	 ni, nini	 *nin	 Å„in	 Å„Åºjen		 nimu	 zin	 nhÃ¢n	 nhÃ¢n	 in
239	495	é‚‡	 ni	 *neÊ”	 Å„eÊ”	 Å„ÅºjeÊ”		 ni	 zi	---	 nhÄ©	 i
239	496	å°¼	 ni	 *nri or *nÃ®h	 á¹‡i, neih	 á¹‡i, nieih	 nri	 ni	 di, diti	 ni, nÆ¡i, nÃ y	 ni, náº­c, náº­t	 ni, nil
240	497	æ—¥	 ni	 *nit	 Å„it	 Å„Åºjet		 niti	 zitu	 nháº­t, nhá»±t	 nháº­t, nhá»±t	 il
240	498	è€Œ	 ni	 *nÉ™	 Å„É™ > Å„É¨	 Å„ÅºÉ¨		 ni	 zi	 nhÃ­	 nhi	 i
241	499	è€³	 ni	 *nÉ™Ê”	 Å„É™Ê” > Å„É¨Ê”	 Å„ÅºÉ¨Ê”		 ni	 zi	 nhÄ©	 nhÄ©	 i
241	500	ç¥	 ni	 *nÉ™h	 Å„É™h	 Å„ÅºÉ¨h		 ni	 zi	 nháº¹	 nhá»‹	 i
242	501	å„	 ni	 *nÃª	 neÊ”	 nÉ¨Ê”	 ri	 ni	 zi	 nÃ©, náº»	 nhÄ©	 i
243	502	ä¸¹	 ni	 *tÃ¢n	 tan	 tÃ¢n		 tamu	 tan	 Ä‘an, Ä‘Æ¡n	 Ä‘an, Ä‘Æ¡n	 tan
243	503	è·	 ni	 *É¡Ã¢iÊ”	 É¡É‘iÊ”	 É£Ã¢Ê”		 ga	 ka	 ha, hÃ 	 hÃ , háº¡, háº£	 ha
243	504	ç…®	 ni	 *taÊ”	 tÅ›É‘Ê”	 tÅ›jwoÊ”		 sio	 sia	---	 chá»­	 cye, cya
244	505	ä¼¼	 ni	 *s-lÉ™Ê”	 ziÉ™Ê”	 zÉ¨Ê”		 zi	 si	 tá»£, tá»±, tá»±a	 tá»±	 so
244	506	åœŸ	 ni	 *thÃ¢Ê”	 thÉ‘Ê”	 thuoÊ”		 tu	 to	 thá»•	 thá»•	 thwo, twu
244	507	ç“Š	 ni	 *É¡weÅ‹	 É¡yeÅ‹	 É¡jwÃ¤Å‹		 gyau	 kei	 quá»³nh, quá»nh	 quá»³nh	 kyeng
245	508	å…¥	 nipu	 *nup > *nÉ™p	 Å„ip	 Å„ÅºjÉ™p		 nifu	 zifu	 nháº­p, nhá»p	 nháº­p	 ip
245	509	ä¹ƒ	 no	 *nÉ™Ì‚Ê”	 nÉ™Ê”	 náº­iÊ”		 nai	 dai	 nÃ£i, náº£y	 nÃ£i	 nay
246	510	èƒ½	 no	 *nÉ™Å‹	 nÉ™(Å‹)	 nÉ™Å‹		 no, nou	 dou	 nÄƒng, nÆ°ng	 nÄƒng	 nung, nay
247	511	å»¼	 no	 *nÉ™Ì‚Ê”	 nÉ™Ê”	 náº­iÊ”		 nai	 dai	---	 nÃ£i	 nay
247	512	ç¬¶	 no	 *lhiÊ”	 Å›iÊ”	 Å›iÊ”		 si	 si	 thá»‰, tháº»	 thá»‰	 ci
247	513	è·	 no	 *É¡Ã¢iÊ”	 É¡É‘iÊ”	 É£Ã¢Ê”		 ga	 ka	 ha	 hÃ , háº¡, háº£	 ha
249	514	ç®†	 no	 bi	 bi, bei	 bi, biei		 fai	 fei	---	 tÃ¬	 pi
249	515	æŸ”	 nu	 *nu	 Å„u	 Å„ÅºjÉ™u		 niu	ziu	 nhu	 nhu	 yu
249	516	è•¤	 nu	 *nui	 Å„ui	 Å„Åºwi		 nui	 zui	 nhuy	 nhuy	 ywu
250	517	å¥´	 nu	 *nÃ¢	 nÉ‘	 nuo		 nu	 do	 nÃ´, no, nÃ³	 nÃ´	 nwo
251	518	æ€’	 nu	 *nah or *naÊ”	 nÉ‘h, naÊ”	 nuoh, nuoÊ”		 nu	 do	 ná»§a, ná»	 ná»™	 nwo
252	519	åŠª	 nu	 *nÃ¢Ê”	 naÊ”	 nuoÊ”		 nu	 do	 ná»—	 ná»—	 nwo
252	520	å¼©	 nu	 *nÃ¢Ê”	 naÊ”	 nuo		 nu	 do	 ná»—, ná», nÃ¡	 ná»—	 nwo
252	521	è¾²	 nu	 *nÃ»Å‹	 nouÅ‹	 nouÅ‹	 ndÉ™wÅ‹	 nou	 dou	 nÃ´ng	 nÃ´ng	 nwong
253	522	æ¿ƒ	 nu	 *nroÅ‹, nÃ´Å‹	 á¹‡ioÅ‹, noÅ‹	 á¹‡jwoÅ‹, nuÅ‹		 niu, nou	 diou	 ná»‘ng	 nÃ´ng	 nwong
254	523	æ²¼	 nu	 *tauÊ”	 tÅ›auÊ”	 tÅ›jÃ¤uÊ”		 seu	 seu	 tráº½o	 chiá»ƒu	 sywo, cywo
254	524	å®¿	 nu	 *suk or *sukh	 siuk, siuh	 sjuk, sjÉ™h		 suku	 siuku	 tÃºc	 tÃºc, tÃº	 sywuk, sywu
254	525	å¯	 nu	 *mis	 mis	 mih		 mi	 bi	 má»‹	 má»‹	 moy, mi
255	526	æ¸Ÿ	 nu	 *dÃªÅ‹	 deÅ‹	 dieÅ‹		 diau	 tei	 dá»nh	 Ä‘Ã¬nh, Ä‘uá»nh	 tyeng
255	527	æ½¤	 nuni	 *nuns	 Å„uinh	 Å„Åºjwenh		 nimu	 ziun	 nhuáº§n	 nhuáº­n	 ywun
255	528	å¥´	 nwo	 *nÃ¢	 nÉ‘	 nuo		 nu	 do	 nÃ´, no, nÃ³	 nÃ´	 nwo
256	529	åŠª	 nwo	 *nÃ¢Ê”	 naÊ”	 nuoÊ”		 nu	 do	 ná»—	 ná»—	 nwo
256	530	æ€’	 nwo	 *nah or *naÊ”	 nÉ‘h, naÊ”	 nuoh, nuoÊ”		 nu	 do	 ná»§a, ná»	 ná»™	 nwo
257	531	å¼©	 nwo	 *nÃ¢Ê”	 naÊ”	 nuo		 nu	 do	 ná»—, ná», nÃ¡	 ná»—	 nwo
258	532	é‡	 nwo	 laÊ”	 jaÊ”	 jiaÊ”		 ya	 ya	 dÃ£	 dÃ£	 ya
259	533	æ„	 o	 *Ê”É™kh	 Ê”É¨É™h	 Ê”É¨		 i	 i	 áº¥y, Ã½	 Ã½, á»³	 uy
260	534	æ–¼	 o	 *Ê”a	 Ê”É¨É‘	 Ê”É¨a		 o	 yo	 Æ°, á»›, á», Æ°a	 Æ°	 e
261	535	æ·¤	 o	 *Ê”a	 Ê”É¨É‘	 Ê”É¨a		 o	 yo	 á»©, á»©a	 á»©	 e
261	536	é£«	 o	 *Ê”ah	 Ê”É¨É‘h	 jÉ¨a		 o	 yo	 á»©	 á»©	 e
262	537	æ†¶	 o	 *Ê”É™k	 Ê”É¨É™k			 oku	 yoku	 á»©c, EMC: Ê”ik	 á»©c	 uk, ek
262	538	æ‡‰	 o	 *Ê”É™Å‹h	 Ê”É¨Å‹h	 Ê”iÅ‹		 ou, omu	 you	 Æ°ng, á»©ng	 Æ°ng, á»©ng	 ung
263	539	éš 	 o	 *Ê”É™nÊ”	 Ê”É¨nÊ”	 Ê”É¨n		 omu	 in	 áº©n, á»•n	 áº¥n, áº©n	 un
263	540	éŸ³	 omi	 *Ê”É™m	 Ê”É¨m	 Ê”im		 omu	 in	 Ã¢m	 Ã¢m	 um
263	541	ç£¤	 ono	---	---	---		 on	 in	---	---	 un
263	542	é‚‘	 opa, opo	 *Ê”É™p	 Ê”ip	 Ê”ip		 ofu	 ifu	 áº¥p, á»p	 áº¥p	 up
264	543	ä¹™	 oto, o	 *Ê”rÉ™t	 Ê”É¨t	 Ê”it		 oti	 itu	 áº¥t, háº¯t	 áº¥t	 ul
265	544	å·´	 pa	 *prÃ¢	 pa	 pa		 fa	 fa	 ba, bÆ¡	 ba	 pha
265	545	ä¼´	 pa	 *phÃ¢ns	 phanh	 phwÃ¢nh		 ban	 fan	 báº¡n, bá»n	 báº¡n	 pan
266	546	åŠ	 pa, pani	 *pÃ¢ns	 panh	 pwÃ¢nh		 famu	 fan	 bÃ¡n	 bÃ¡n	 pan
266	547	åµ	 pa	---	---	 pha		 fa	 fa	---	 pháº£	 pha
267	548	æ³¢	 pa	 *pÃ¢i	 pÉ‘i	 pwÃ¢		 fa	 fa	 ba	 ba	 pha
268	549	æ’­	 pa	 *pÃ¢ih	 pÉ‘ih	 pwÃ¢h		 fa	 fan	 vÃ¡, bá»‡	 bÃ¡	 pha
269	550	å¹¡	 pa	 *phan	 phuÉ‘n	 phjwÉn		 famu	 fan	 phan	 phan, phiÃªn	 pen
270	551	ç ´	 pa	 *phÃ¢ih	 phÉ‘ih	 phwÃ¢h		 fa	 fa	 phÃ¡, vá»¡	 phÃ¡	 pha
270	552	æ–¹	 pa	 *paÅ‹	 puÉ‘Å‹	 pjwaÅ‹		 fau	 fau	 phÆ°Æ¡ng, vuÃ´ng	 phÆ°Æ¡ng	 pang
271	553	é˜²	 pa	 *baÅ‹	 buÉ‘Å‹	 bjwaÅ‹		 bau	 fau	 phÃ²ng	 phÃ²ng	 pang
271	554	èŠ³	 pa	 *phaÅ‹	 phuÉ‘Å‹	 phjwaÅ‹		 fau	 fau	---	 phÆ°Æ¡ng	 pang
271	555	å…«	 pa, pati	 *prÃªt	 pÉ›t	 pÄƒt		 fati	 fatu	 bÃ¡t	 bÃ¡t	 phal
271	556	åˆ¤	 pa	 *phÃ¢ns	 phanh	 phwÃ¢nh		 fan	 fan	 phÃ¡n	 phÃ¡n	 phan
272	557	èƒ–	 pa	 *phÃ¢ns	 phanh	 phwÃ¢nh		 fan	 fan	 phÃ¡n	 phÃ¡n	 phan
272	558	ç°¸	 pa	 *pÃ¢ih or *pÃ¢iÊ”	 pÉ‘ih, paiÊ”	 pwÃ¢h	 pua	 fa	 fa	---	 báº£, pháº£	 pha
272	559	æ³®	 pa	 *phans	 phÉ‘nh	 phwÃ¢nh	 phuan	 fan	 fan	 báº­n, bá»£n	 phÃ¡n	 pan
272	560	çµ†	 pa	 *pÃ¢ns	 panh	 phwÃ¢n	 phuan	 fan	 fan	 báº­n	 bÃ¡n	 pan
273	561	å©†	 pa	 *bÃ¢i	 bÉ‘i	 bwÃ¢	 pÉ¦ua	 ba	 fa	 bÃ 	 ba, bÃ 	 pha
273	562	æˆ¿	 pa	 *baÅ‹	 buaÅ‹	 bjwaÅ‹	 fÉ¦aÅ‹	 bau	 fau	 buá»“ng, phÃ³ng	 phÃ³ng	 phang
273	563	è–„	 pa	 *phÃ¢k	 phak	 phÃ¢k	 pÉ¦ak	 baku	 faku	 báº¡c	 báº¡c	 pak
274	564	æ³Š	 pa	 *bÃ¢k	 bak	 bÃ¢k	 pÉ¦ak	 baku	 faku	 báº¡c	 báº¡c	 pak
274	565	ç›¤	 pa	 *bÃ¢n	 ban	 bwÃ¢n	 pÉ¦uan	 bamu	 fan	 bÃ n, mÃ¢m	 bÃ n	 pan
274	566	çš¤	 pa	 *bai	 bÉ‘i	 ba		 ba	 fa	---	 bÃ 	 pen
275	567	ç¾½	 pa	 *waÊ”	 *waÊ”	 wua		 u	 u	 vÅ©, vÃµ	 vÅ©	 wu
275	568	é½’	 pa	 *k-hjÉ™Ê”	 tÅ›hÉ™Ê”	 tÅ›hÉ¨Ê”		 si	 si	 xá»‰	 xá»‰	 chi
276	569	è‘‰	 pa	 *lap or *lep	 jap	 jiÃ¤p		 efu	 efu	 diá»‡p, giáº¥p, xáº¹p	 diá»‡p	 yep
276	570	è€…	 pa	 *taÊ”	 tÅ›aÊ”	 tÅ›jaÊ”		 sia	 sia	 giáº£	 giáº£	 cya
276	571	åš	 paka	 *pÃ¢k	 pak	 pÃ¢k		 faku	 faku	 bÃ¡c, báº¡c	 bÃ¡c	 pak
277	572	ä¼¯	 paka	 *prÃ¢k	 pak	 pÉk	 pa:jk	 fiyaku	 faku	 bÃ¡c, báº¡c	 bÃ¡c	 pak
277	573	æ³•	 papu	 *pap	 puap	 pjwÉp	 fa:p	 fofu	 fafu	 pháº¯p, phÃ©p	 phÃ¡p	 phep
277	574	é–‰	 pe	 *pÃ®t(s)	 pes, pet	 pieih, piet		 fei	 fei	 báº¿, bÃ©, báº¥y	 báº¿	 phyey, pyel
278	575	é–‡	 pe	 *pÃ®t(s)	 pes, pet	 pieih, piet		 fei	 fei	 báº¿, bÃ©, báº¥y	 báº¿	 phyey, pyel
278	576	æ‹œ	 pe	 *prÃªts	 pÉ›s	 pÄƒih		 fai	 fai	 bÃ¡i	 bÃ¡i	 poy
278	577	å€	 pe	 *bÉ™Ì‚Ê”	 bÉ™Ê”	 bwáº­iÊ”	 pÉ¦uaj	 bai	 fai	 bá»™i, vá»™i	 bá»™i	 poy, phay
280	578	é™ª	 pe	 *bÉ™Ì‚	 bÉ™	 bwáº­i	 pÉ¦uaj	 bai	 fai	 bá»“i	 bá»“i	 poy
280	579	èƒŒ	 pe	 *bÌ‚kh	 bÉ™h	 bwáº­i	 pÉ¦uaj	 bai	 fai	 bá»‘i, bá»™i	 bá»‘i	 poy, phay
280	580	æ¯	 pe	 *pÉ™Ì‚	 pÉ™	 pwáº­i	 puaj	 fai	 fai	 bÃ´i	 bÃ´i	 poy
280	581	ä¿³	 pe	 *brÌ‚i	 bÉ›i	 bÄƒi	 pÉ¦a:j	 bai	 fai	 bÃ i, vÃ i	 bÃ i	 poy
281	582	æ²›	 pe	 *pÃ¢ts	 pÉ‘s	 pwÃ¢ih	 phuaj	 fai	 fai	 phai, pháº£y, phá»›i	 phÃ¡i, bÃ¡i	 phay
281	583	ç®	 pe	 *bÃªh	 bÉ™h	 bwáº­i	 pÉ¦uaj	 bai	 fai	---	 bá»™i	 phay
281	584	æˆ¸	 pe	 *É¡Ã¢Ê”	 É¡É‘Ê” > É¡É”	 É£uoÊ”		 go	 ko	 há»™, há», há»¥	 há»™	 hwo
282	585	ç¶œ	 pe	 *tsÃ»Å‹h	 tsouÅ‹h	 tsuoÅ‹h		 so	 sou	---	 tá»™ng, tá»‘ng	 cong
282	586	ç¶“	 pe	 *kÃªÅ‹	 keÅ‹	 kÉ›jÅ‹		 kiau	 kei	 kinh	 kinh	 kyeng
282	587	ç”•	 pe	 *Ê”Ã´Å‹h	 Ê”oÅ‹h	 Ê”uÅ‹h		 u	 wou	 á»‘ng, SV: á»‘ng, ung, Ãºng, á»§ng		 wong
282	588	ç¼»	 pe	---	---	 kwan		 kuwan	 kuwan	 quÃ¡n	 quÃ¡n	 kwan
282	589	å‘	 pi	 *pe	 pie	 pjie		 fi	 fi	 ti, te	 ti	 pi
283	590	æ’­å±¢	 pi	 *piÊ”	 piÊ”	 piÊ”		 bi	 fi	 tá»‰	 tá»‰, tÃ­	 pi
284	591	å¿…	 pi	 *pit	 pit	 pjiet		 fiti	 fitu	 táº¥t	 táº¥t	 phil
284	592	è³“	 pi	 *pin	 pin	 pjien		 fimu	 fin	 tÃ¢n	 tÃ¢n	 pin
286	593	è‡‚	 pi	 *pekh	 pieh	 pjieh	 pji	 fi	 fi	---	 tÃ­	 pi
286	594	é¿	 pi	 *bekh	 bieh	 bjieh	 pÉ¦ji	 bi	 fi	 tá»‹	 tá»‹	 phi
287	595	æ¯˜	 pi	 *bi	 bi	 bi	 pÉ¦ji	 bi	 fi	---	 tÃ¬, bÃ¬	 pi
288	596	è­¬	 pi	 *phekh	 phieh	 phjieh	 phji	 fi	 fi	 vÃ­, thÃ­	 thÃ­, tá»‰, tá»·	 pi
288	597	å¬ª	 pi	 *bin	 bin	 bjien	 pÉ¦jin	 bin	 fin	---	 táº§n	 pin
288	598	æ—¥	 pi	 *nit	 Å„it	 É²it		 niti	 zitu	 nháº­t	 nháº­t, nhá»±t	 il
289	599	æªœ	 pi	 *kÃ´t or *kÃ´ts	 kuÉ‘s or kuat	 kwÃ¢ih or kwÃ¢t		 kuwe	 kuwai	 cá»§i, cá»™i	 quÃ¡i, cá»‘i	 hwoy
289	600	æ°·	 pi	 *prÉ™Å‹	 pÉ¨Å‹	 pjÉ™Å‹		 fiyou	 fiyou	 bÄƒng, bÃ´ng	 bÄƒng	 ping
289	601	å¯Œ	 po	 *pÉ™kh	 puh	 pjÉ™uh		 fu	 fuu	 phÃº	 phÃº	 pwu
290	602	è²»	 po	 *phÉ™ts	 phus	 phjweih		 fi	 fi	 bÃ­, phÃ­, phÃ­a	 phÃ­, phá»‹, phi	 pi
291	603	ç•ª	 po	 *phan	 phuÉ‘n	 phjwÉn		 fon	 fan	 phen, phiÃªn	 phiÃªn	 pan, pen
291	604	è•ƒ	 po	 *pan	 puÉ‘n	 pjwÉn		 fon	 fan	 phen, phá»“n	 phiÃªn, phiá»n, phá»“n	 pen
291	605	æ–¹	 po	 *paÅ‹	 puaÅ‹	 pjwaÅ‹		 fau	 fau	 phÆ°Æ¡ng, vuÃ´ng	 phÆ°Æ¡ng	 pang
292	606	æœ‹	 po	 *bÉ™Ì‚Å‹	 bÉ™Å‹	 bÉ™Å‹	 pÉ¦uÉ™Å‹	 bou	 fou	 báº±ng	 báº±ng	 pung
292	607	å€	 po	 *bÌ‚Ê”	 bÉ™Ê”	 bwáº­iÊ”	 pÉ¦uaj	 bai	 fai	 bá»™i, vá»™i	 bá»™i	 poy, phay
293	608	é™ª	 po	 *bÉ™Ì‚	 bÉ™	 bwáº­i	 pÉ¦uaj	 bai	 fai	 bá»“i	 bá»“i	 poy
293	609	è£’	 po	 *bÃ»	 po	 bÉ™u	 pÉ¦É™w	 bou	 fou	 bÃ¢u, báº§u, biá»‡u	 biá»u	 phwu
294	610	è¢	 po	 *bhu	 bou	 baw	 pÉ¦uaw	 bou	 fou	 bÃ o	 bÃ o	 phwo
294	611	ç«	 po	 hmÌ‚iÊ”	 huÉ‘iÊ”	 xuÃ¢		 kuwa	 kuwa	 hoáº£	 hoáº£	 hwa
294	612	ç„°	 po	 *s-lam or *s-lÉ™m	 ziam, zim	 zjÃ¤m, zjÉ™m		 emu	 emu	 dim	 diá»…m, riá»‡m	 yem
295	613	å¸†	 po	 *bam	 buam	 bjwÉm		 bomu	 famu	 buá»“m	 phÃ m	 pem
295	614	å“	 pomu	 *phrÉ™mÊ”	 phimÊ”	 phjÉ™mÊ”		 fomu	 fimu	 pháº©m	 pháº©m	 phum
295	615	æ³•	 popo	 *pap	 puap	 pjwÉp		 fofu	 fafu	 pháº¯p, phÃ©p	 phÃ¡p	 pep
296	616	ä¸	 pu	 *pÉ™ or *pÉ™Ê”	 pu, puÊ”	 pjÉ™u, pjÉ™uÊ”		 fu	 fuu	 báº¥t	 báº¥t	 pu, pul
296	617	å¤«	 pu	 *ba or *pa	 buÉ‘, puÉ‘	 bju, pju		 bu	 fu	 phu	 phÃ¹	 pwu
297	618	æœ	 pu	 *bÉ™ or *bÉ™k	 buÊ”, buk	 bjÉ™uÊ”, bjuk		 buku	 fuku	 phá»¥c	 phá»¥c	 pok
297	619	å¸ƒ	 pu	 *pÃ¢h	 pÉ‘h	 puoh		 fu	 fo	 bá»‘	 bá»‘, bÃ¡	 phwo
298	620	ç”«	 pu	 *paÊ”	 puÉ‘Ê”	 pjuÊ”		 fu	 fo	 phá»§	 phá»§	 pwo
299	621	è³¦	 pu	 *pah	 puÉ‘h	 pjuh		 fu	 fu	 phÃº	 phÃº	 phwo
299	622	ç¦	 pu, puki, puku	 *pÉ™k	 puk	 pjuk		 fuku	 fuku	 phÃºc	 phÃºc, phÆ°á»›c	 pwok
299	623	å¦	 pu	 *pÉ™Ê”	 puÉ™Ê” > puÊ”	 pjÉ™uÊ”		 fu	 fuu	 bÄ©	 phá»§	 pwu, pi
300	624	æ•·	 pu	 *pha	 phuÉ‘	 phju	 fuÉ™	 fu	 fu	 phÃ´	 phu	 pwu
300	625	åºœ	 pu	 *poÊ”	 puoÊ”	 pjuÊ”	 fuÉ™	 fu	 fu	 phá»§	 phá»§	 pwu
301	626	èµ´	 pu	 *phokh	 phuoh	 phjuh	 fuÉ™	 fu	 fu	---	 phÃ³, thÃº	 pwu
301	627	å¯Œ	 pu	 *pÉ™kh	 puh	 pjÉ™uh	 fuw	 fu	 fu	 phÃº	 phÃº	 pwu
301	628	è² 	 pu	 *bÉ™Ê”	 buÉ™Ê” > buÊ”	 bjÉ™uÊ”	 fÉ¦uw	 bu	 fu	 phá»¥	 phá»¥	 pwu
301	629	ç¬¦	 pu	 *bo	 buo	 bju	 fÉ¦uÉ™	 bu	 fu	 phÃ¹, bÃ¹a	 phÃ¹	 pwu
302	630	æµ®	 pu	 *bu	 bu	 bjÉ™u	 fÉ¦uw	 bu	 fu	 phÃ¹	 phÃ¹	 pwu
302	631	è¼”	 pu	 *baÊ”	 buÉ‘Ê”	 bjuÊ”	 fÉ¦uÉ™	 bu	 fu	---	 phá»¥	 pwo
303	632	çµŒ	 pu	 *kÃªÅ‹ or *kÃªÅ‹h	 keÅ‹, keÅ‹h	 kieÅ‹, kieÅ‹h		 kiyau	 kei	 kinh	 kinh	 kyeng
303	633	æ­´	 pu	 *rÃªk	 lek	 liek		 riyaku	 reki	 lá»‹ch, lá»‡ch, ráº¿ch	 lá»‹ch	 lyek
304	634	ä¹¾	 pu	 *kÃ¢n or *É¡an	 kÉ‘n, É¡É¨an	 kÃ¢n, É¡jÃ¤n		 kemu	 gamu	 cÃ n, gÃ n	 can, kiá»n	 kan, ken
304	635	é³³	 puge	 *bÉ™ms	 buÉ™mh	 bjuÅ‹	 fÉ¦uwÅ‹	 buu	 fou	 phÆ°á»£ng	 phÆ°á»£ng, phá»¥ng	 pwong
304	636	ç²‰	 puni	 *pÉ™nÊ”	 punÊ”	 pjwÉ™nÊ”		 fun	 fun	 phÃ¢n, pháº¥n	 pháº¥n	 pwun
304	637	è‰²å¼—	 puti, putu	 *pÉ™t	 put	 pjwÉ™t		 futi	 futu	 pháº¥t	 pháº¥t	 pwul
305	638	çš®	 pwi	 bai	 bÉ¨É‘i > bÉ¨e	 bje		 bi	 fi	 bÃ¬, bá», bÃ¬a, vá»«a	 bÃ¬	 phi
305	639	é	 pwi	 pÉ™i	 pui	 pjwei		 fi	 fi	 phi	 phi	 phi
306	640	æ–	 pwi	 phÉ™iÊ”	 phuiÊ”	 phjweiÊ”		 fi	 fi	 phá»‰	 phá»‰	 phi
306	641	è‚¥	 pwi	 bÉ™i	 bui	 bjwei		 bi	 fi	 phÃ¬, phá», phÃ¨	 phÃ¬	 pi
307	642	é£›	 pwi	 pÉ™i	 phui	 phjwÉ™i		 fi	 fi	 phi	 phi	 pi
307	643	æ‚²	 pwi	 prÉ™i	 pÉ¨	 pji	 pi	 fi	 fi	 bi, bÃ¢y	 bi	 pi
307	644	å½¼	 pwi	 paiÊ”	 pÉ¨É‘iÊ”	 pjeÊ”	 pi	 fi	 fi	 bá»‰, báº½, bá»Ÿ	 bá»‰	 phi
308	645	ç¥•	 pwi	 pits	 pÉ¨s	 pjih	 pi	 fi	 fi	 bÃ­	 bÃ­	 pi
308	646	å¦ƒ	 pwi	 phÉ™i	 phui	 phjwÉ™I	 fji	 fi	 fi	 phi	 phi	 pi, poy
308	647	è¢«	 pwi	 *phai	 phÉ¨É‘i	 phje~bjeh	 pi~pÉ¦i	 bi	 pi	 bá»‹, bá»±	 bá»‹	 phi
308	648	ç«	 pwi	 hmÌ‚iÊ”	 huÉ‘iÊ”	 xuÃ¢		 kuwa	 kuwa	 hoáº£	 hoáº£	 hwa
309	649	æ¨‹	 pwi	---	---	---		 tuu	 tou	 thÃ´ng	---	---
309	650	ä¹¾	 pwi	 *kÃ¢n or *É¡an	 kÉ‘n, É¡É¨an	 kÃ¢n, É¡jÃ¤n		 kemu	 gamu	 cÃ n, gÃ n	 can, kiá»n	 kan, ken
309	651	å¹²	 pwi	 *kÃ¢n	 kÉ‘n	 kÃ¢n		 kamu	 kan	 can	 can	 kan
310	652	ç°¸	 pwi	 *pÃ¢ih or *pÃ¢iÊ”	 pÉ‘ih, paiÊ”	 pwÃ¢h, pwÃ¢Ê”		 fa	 fa	---	 báº£, pháº£	 pha
310	653	ç†¯	 pwi	 *hÃ¢nÊ”	 hÉ‘nÊ”	 xÃ¢nÊ”		 kan	 kan	---	 hÃ£n	 han
310	654	è©	 pwo	---	 bo	 bÉ™u		 bo	 fo	 bá»“	 bá»“	 pwo
311	655	æœ¬	 pwo	 *pÌ‚nÊ”	 pÉ™nÊ”	 pwÉ™nÊ”		 fomu	 fon	 báº£n, bá»•n, vá»‘n	 báº£n, bá»•n	 pwon
311	656	å¸ƒ	 pwo	 *pÃ¢h	 pÉ‘h	 puoh		 fu	 fo	 bá»‘	 bá»‘, bÃ¡	 phwo
311	657	ä¿	 pwo	 *pÃ»Ê”	 pouÊ”	 pÃ¢uÊ”		 fo, fou	 fou	 báº£o, báº§u	 báº£o	 pwo
312	658	å¯¶	 pwo > po	 *pÃ»Ê”	 pouÊ”	 pÃ¢uÊ”		 fou	 fo	 báº£o	 bÃ¡o	 pwo
313	659	è­œ	 pwo > po	---	---	 puo	 puÉ™	 fu	 fo	 pháº£, phá»•	 phá»•	 pwo
313	660	å ±	 pwo	 *pÃ»h	 pouh	 pÃ¢uh	 puaw	 fou	 fou	 bÃ¡o	 bÃ¡o	 pwo
313	661	è¤’	 pwo	 *pÃ»	 pou	 pÃ¢u	 puaw	 fou	 fou	 bao	 bao	 phwo
313	662	é˜²	 pwo	 *baÅ‹	 buÉ‘Å‹	 bjwaÅ‹	 fÉ¦aÅ‹	 bau	 fau	---	 phÃ²ng	 pang
314	663	æŠ±	 pwo	 *bÃ»Ê”	 bouÊ”	 bÃ¢uÊ”	 pÉ¦uaw	 bou	 fou	 bÃ£o	 bÃ£o	 pwo
314	664	è¢	 pwo	 *bÃ»	 bou	 bÃ¢u	 pÉ¦uaw	 bou	 fou	 bÃ o	 bÃ o	 pwo
314	665	ç©—	 pwo > po	 *s-wis	 zuis	 zwih		 zui	 sui	---	 huá»‡, tuá»‡	 pwo
315	666	ç™¾	 pwo > po	 *prÃ¢k	 pak	 pÉk		 fiyaku	 faku	 bÃ¡ch	 bÃ¡, bÃ¡ch	 poyk
315	667	ç¦	 pwo, pwoki	 *pÉ™k	 puk	 pjuk		 fuku	 fuku	 phÃºc	 phÃºc, phÆ°á»›c	 phwok
315	668	å‡¡	 pwo, pwomu	 *bam	 buam	 bjwÉm		 bomu	 famu	 phÃ m	 phÃ m	 pwo
316	669	ä¿¾	 pye	 *peÊ”	 pieÊ”	 pjieÊ”		 fi	 fi	---	 tá»‰	 pi
316	670	é‚Š	 pye	 *pÃªn	 pen	 pien		 femu	 fen	 biÃªn, bÃªn, ven	 biÃªn	 pen
317	671	å	 pye	 *panÊ”	 puanÊ”	 pjwÉnÊ”		 fomu, femu	 fan	 pháº£n	 pháº£n, phan, phiÃªn	 pen
317	672	è¿”	 pye	 *panÊ”	 puanÊ”	 pjwÉnÊ”		 femu	 fan	 pháº£n	 pháº£n	 pan
317	673	é	 pye, pyeni	 *pÃªns	 penh	 pienh		 femu	 fen	 biáº¿n	 biáº½n	 pyen
318	674	è¾§	 pye	 *brans	 bÉ¨anh	 bjwÃ¤nh	 pÉ¦ian	 bemu	 fen	 biá»‡n	 biá»n	 pyen, pan
318	675	å¹³	 pye	 *breÅ‹	 bÉ¨É›Å‹	 bjÉÅ‹	 pÉ¦iajÅ‹	 biyau	 pen, pei	 bÃ¬nh, báº±ng	 bÃ¬nh	 phyen, phyeng
318	676	è¦‡	 pye	 *prÃ¢kh or *phrÃ¢k	 pah, phak	 pah, phÉk	 pÉ›: GO: fa, fiyaku		 fa, faku	---	 bÃ¡	 pha, poyk
319	677	æ•	 pye	 *bets or *bes	 bias	 bjiÃ¤ih	 pÉ¦jiaj	 bei	 fei	 tá»‡	 táº¿, tá»‡	 phyey
319	678	å¼Š	 pye	 *bets	 bias	 bjiÃ¤ih	 pÉ¦jiaj	 bei	 fei	 tá»‡	 táº¿, tá»‡	 phyey
320	679	å¹£	 pye	 *bets	 bias	 bjiÃ¤ih	 pÉ¦jiaj	 bei	 fei	 giáº½	 táº¿, tá»‡	 phyey
320	680	è”½	 pye	 *pets	 pias	 pjiÃ¤i	 pjiaj	 feti, futi	 fetu, futu	---	 táº¿	 phyey
320	681	é™›	 pye	 *bÃ®	 beiÊ”	 bieiÊ”	 pÉ¦jiaj	 fei	 fei	 bá»‡	 bá»‡	 phyey
321	682	é¼™	 pye	 *bÃª	 be	 biei	 pÉ¦iaj	 bai	 fei	---	 bá»	 pi
321	683	é	 pye	 *peÊ”	 pieÊ”	 pjieÊ”	 pji	 fai	 fei	---	 tá»³	 pi
321	684	éƒ¨	 pye	 *bÃ´Ê”	 boÊ”	 bÉ™uÊ”		 bu		 bá»™, bÃµ	 bá»™	 pwu
321	685	é‡	 pye	 *droÅ‹Ê” or *droÅ‹	 É–ioÅ‹Ê”, É–ioÅ‹	 É–jwoÅ‹Ê”, É–jwoÅ‹		 diu	 diou	 trá»™ng, chÃ¹ng	 trá»ng, trÃ¹ng	 cyung
322	686	éš”	 pye	 *krÃªk	 kÉ›k	 kÉ›k		 kiyaku	 kaku	 cÃ¡ch	 cÃ¡ch	 kyek
322	687	ä¼¯	 pyeki	 *prak	 pak	 pÉk		 fiyaku	 faku	 bÃ¡	 bÃ¡ch	 pha, poyk
322	688	ç¯‡	 pyeni	 *phen	 phian	 phjiÃ¤n		 fen	 fen	 thiÃªn	 biá»ƒn	 phyen
323	689	ç¾…	 ra	 *rÃ¢i	 lai > la	 lÃ¢		 ra	 ra	 la, lÃ 	 la	 la
325	690	é‚	 ra	 *rÃ¢i	 lÉ‘i > lÉ‘	 la		 ra	 ra	 láº¡	 lÃ¡	 la
326	691	è‰¯	 ra, ragi	 *raÅ‹	 liaÅ‹	 ljaÅ‹		 rau	 riyau	 lÆ°Æ¡ng	 lÆ°Æ¡ng	 lyang
327	692	æµª	 ra	 *rÃ¢Å‹	 laÅ‹	 lÃ¢Å‹		 rau	 rau	 láº£ng, lÃ£ng	 lang, lÃ£ng	 lang
327	693	éƒ	 ra	 *rÃ¢Å‹	 laÅ‹	 lÃ¢Å‹		 rau	 rau	 lang, sang	 lang	 lang
328	694	å»Š	 ra	 *rÃ¢Å‹	 laÅ‹	 lÃ¢Å‹		 rau	 rau	 lang, lÃ ng, lÃ¡ng	 lang, lÃ ng	 lang
328	695	è¨	 ra	 *rÃ¢Å‹	 lÉ‘Å‹	 laÅ‹		 rau	 rau	---	 lÆ°Æ¡ng	 lang
328	696	å›‰	 ra	 *rÃ¢i	 lÉ‘i > lÉ‘	 la		 ra	 ra	 la, ra	 la	 la
328	697	æ”	 ra	 *rÃ¢i	 lÉ‘i > lÉ‘	 la		 ra	 ra	 rÃ 	---	 la
328	698	í¡†í´¢	 ra	---	---	 la		 ra	 ra	---	 la	 la
329	699	í¡í¿Œ	 ra	---	---	 la		 ra	 ra	---	 la	 la
329	700	æ¨‚	 ra, raka, raki, raku	 *rÃ¢uk	 lak	 lÃ¢k		 raku	raku	 láº¡c	 láº¡c	 lak
330	701	è½	 raku	 *rÃ¢k	 lak	 lÃ¢k		 raku	 raku	 láº¡c	 láº¡c	 lak
330	702	è¦½	 ramu	 *rÃ¢mÊ”	 lamÊ”	 lÃ¢m		 ramu	 ramu	 lÃ£m	 lÃ£m	 lam
330	703	è—	 ramu	 *rÃ¢m	 lam	 lÃ¢m		 ramu	 ramu	 lam, chÃ m, xÃ¡m	 lam	 lam
331	704	æ¿«	 ramu	 *rÃ¢ms	 lamh	 lÃ¢mh		 ramu	 ramu	 lÃ m, rá»™m, trá»™m	 láº¡m	 lam
331	705	è‡˜	 rapu	 *rÃ¢p	 lap	 lÃ¢p		 rafu	 rafu	 chap	 láº¡p, cháº¡p	 lap
331	706	ä¾‹	 re	 *rats	 lias > liah	 ljÃ¤ih		 re	 rei	 lá»‡, lá»	 lá»‡	 lyey
332	707	ç¦®	 re	 *rÃ®Ê”	 leiÊ”	 lieiÊ”		 rai	 rei	 lÃ£i, ráº½, ráº£y, trá»…	 lá»…	 lyey
333	708	é€£	 re	 *ranÊ” or *renÊ”	 lianÊ”	 ljÃ¤nÊ”		 remu	 ren	 liÃªn, liá»n, len	 liÃªn	 lyen
333	709	åˆ—	 re	 *rat	 liat	 ljÃ¤t		 reti	 retu	 liá»‡t, rá»‡t	 liá»‡t	 lyel
334	710	çƒˆ	 re	 *rat	 liat	 ljÃ¤t		 reti	 retu	 lÃ©t, láº¹t, lÆ°á»›t	 liá»‡t	 lyel
334	711	æˆ»	 re	 *rÃ®t, rÃ®ts	 let, les	 liet, lieih	 liaj	 rai	 rei	---	 lá»‡	 lye
334	712	é»	 re	 *rÃ®	 lei	 lÉ›j	 liaj	 rai	 rei	 lÃª	 lÃª	 lye
335	713	å»‰	 remu	 *rem	 liam	 ljÃ¤m		 remu	 remu	 lÃ¨m, lim	 liÃªm	 lyem
335	714	åˆ©	 ri	 *rih	 lih	 lih		 ri	 ri	 lÃ¬, lá»i, lá»£i	 lá»£i, lá»‹	 li
336	715	é›¢	 ri	 *rai	 liai	 lje		 ri	 ri	 li, lÃ¬, lia, lÃ¬a, le, SV: li, ly, lá»‹		 li
337	716	ç†	 ri, rowi	 *rÉ™Ê”	 liÉ™Ê”	 ljÉ¨Ê”		 ri	 ri	 lÃ­, lÃ½	 lÃ­, lÃ½	 li
338	717	é‡Œ	 ri	 *rÉ™Ê”	 liÉ™Ê” > ljÉ¨Ê”	 ljÉ¨Ê”		 ri	 ri	 lá»‹a, láº½	 lÃ­, lÃ½	 li
338	718	éš£	 ri	 *rin	 lin	 ljen		 rimu	 rin	 lÃ¢n	 lÃ¢n	 lin
339	719	å”	 ri	---	---	 li	 li	 ri	 ri	 lá»i	---	 li
339	720	æ¢¨	 ri	 *ri	 li	 li	 li	 ri	 ri	 lÃª	 lÃª	 li
339	721	é‡	 ri	 *rÉ™	 liÉ™	 ljÉ¨	 liaj	 ri	 ri	 li	 ly, li	 li
340	722	æ…®	 ro	 *rah	 liÉ‘h	 ljwoh	 lyÉ™	 ro	 riyo	 lá»±	 lá»±	 lye
340	723	é‡Œ	 ro	 *rÉ™Ê”	 liÉ™Ê”	 lÉ¨É™Ê”		 ri	 ri	 lá»‹a	 lÃ­, lÃ½	 li
341	724	å‘‚	 ro	 *raÊ”	 liÉ‘Ê”	 ljwoÊ”		 ro	 riyo	 lá»¯a	 lá»¯, lÃ£	 lye
342	725	ä¾¶	 ro	 *raÊ”	 liÉ‘Ê”	 ljwoÊ”		 ro	 riyo	 lá»©a	 lÆ°, lÃ´	 lye
342	726	é–­	 ro	 *ra	 lia	 ljwo		 ro	 riyo	 lÆ¡, lá»«	 lÆ°	 lye
342	727	å‹’	 ro	 *rÉ™Ì‚k	 lÉ™k	 lÉ™k		 roku	 roku	 láº¯c, láº¥c	 láº·c	 luk
342	728	å»¬	 ro	 *ra	 liÉ‘	 ljwo	 liÉ™	 ro	 riyo	 lÆ°	 lÆ°, lÃ´	 lye
343	729	ç¨œ	 ro	 *rÉ™Å‹	 lÉ¨Å‹	 ljÉ™Å‹		 rou	 riyou	---	 lÄƒng	 lung
343	730	ç¶¾	 rogi	 *rÉ™Å‹	 lÉ¨Å‹	 ljÉ™Å‹		 rou	 riyou	 trÄƒng	 lÄƒng	 lung
343	731	æµ	 ru	 *ru or *riu	 liu	 ljÉ™u		 ru	 riu	 lÆ°u	 lÆ°u	 lywu
344	732	ç•™	 ru	 *ru	 liu	 ljÉ™u		 ru	 riu	 lÆ°u	 lÆ°u	 lywu
346	733	ç‰	 ru	---	---	 luw		 ru	 riu	 lÆ°u	 lÆ°u	 lywu
346	734	ç‘ 	 ru	---	---	 luw		 ru	 riu	 lÆ°u	 lÆ°u	 lywu
346	735	å±¢	 ru	 *roh	 lioh	 ljuh	 lyÉ™	 ru	 ru	 lÃº, lÅ©	 lÅ©	 lwu
346	736	æ¼	 ru	 *rÃ´h	 loh	 lÉ™uh	 lÉ™w	 ru	 rou	 láº¡u, lÃ u, láº­u	 lÃ¢u	 lwu
347	737	æ¨“	 ru	 *rÃ´	 lo	 lÉ™u	 lyÉ™	 rou	 ru	 láº§u, lÃ¢u	 lÃ¢u	 lwu
347	738	å©	 ru	 *roÊ” or *rÃ´	 lioÊ”, lo	 lju, lÉ™u	 lyÉ™	 rou	 ru	 lÃ¢u	 lÃ¢u	 lwu
347	739	è˜†	 ru	 *ra	 lia	 ljwo		 ro	 ru	 lau, lá»©	 lÃ´	 lye
347	740	ç›§	 ru	 *rÃ¢	 la > lÉ”	 luo		 ro	 ru	 lu, lo	 lÃ´	 lwo
348	741	é¡	 ru	 *rus	 luis	 ljwih	 luaj	 rui	 rui	 loáº¡i, loÃ i	 loáº¡i	 lywu
348	742	è·¯	 rwo	 *rÃ¢kh	 lah > lÉ”h	 luoh		 ro	 ro	 trÃ², láº§n	 lá»™	 lwo
349	743	ç›§	 rwo	 *rÃ¢	 la > lÉ”	 luo		 ro	 ru	 lu, lo	 lÃ´	 lwo
349	744	é¹µ	 rwo	 *rÃ¢Ê”	 lÉ‘Ê” > lÉ”Ê”	 luoÊ”		 ru	 ro	 lá»—	 lá»—	 lwo
350	745	é­¯	 rwo	 *rÃ¢Ê”	 lÉ‘Ê” > lÉ”Ê”	 luoÊ”		 ru	 ro	 lá»—, lÃµ, sá»—	 lá»—	 lwo
350	746	å©	 rwo	 *roÊ” or *rÃ´	 lioÊ”, lo	 lju, lÉ™u		 ro	 rou	 lÃ¢u	 lÃ¢u	 lwu
350	747	æ¼	 rwo	 *rÃ´h	 loh	 lÉ™uh		 ro	 rou	 láº¡u, lÃ u, láº­u	 lÃ¢u	 lwu
351	748	æ¨“	 rwo	 *rÃ´	 lo	 lÉ™u	 lyÉ™	 ro	 ru	 láº§u, lÃ¢u	 lÃ¢u	 lwu
352	749	éœ²	 rwo	 *rÃ¢kh	 lah > lÉ”h	 luoh		 ro	 ro	 lá»™, lá»“, rÃ²	 lá»™	 lwo
352	750	å…­	 rwoku	 *ruk	 liuk	 ljuk		 roku	 riku	 lá»¥c	 lá»¥c	 lwuk
353	751	æ²™	 sa	 *srÃ¢i	 s	 s		 sa, sia	 sa	 sa, sÃ 	 sa	 sa
354	752	ä½	 sa	 *tsÃ¢ih	 tsÉ‘iÊ”	 tsÃ¢Ê”		 sa	 sa	 tÃ¡	 tÃ¡	 ca
355	753	å·¦	 sa	 *tsÃ¢iÊ”	 tsaiÊ”	 tsÃ¢Ê”		 sa	 sa	 táº£	 táº£, tÃ¡	 ca
356	754	å·®	 sa	 *tshrÃ¢i	 tshai	 tsha		 sa, sia, sai	 sa	 sai, sÃ¢y	 sa, sai, si, soa	 cha, chi, chay, choy
356	755	å¨‘	 sa	 *sÃ¢i	 sai	 sÃ¢		 sa	 sia	 sa	 ta, táº£, toa	 sa
356	756	æŸ´	 sa	 *dzrÃª	 dÊ‘É›	 dÊ‘aÉ¨		 zia	 sai	 sÃ i, sáº§y, thÃ y	 sÃ i, sÃ¡i	 si
357	757	èˆ	 sa	 *lhaÊ” or *lhah	 Å›aÊ” or Å›ah	 sjaÊ” or sjah		 sia	 sia	 xÃ¡	 sÃ¡, xÃ¡, xáº£	 sya
357	758	ä½œ	 sa, saka, saku	 *tsÃ¢k	 tsÉ‘k	 tsÃ¢k		 saku, sa	 saku	 tÃ¡c	 táº£c, tá»‘	 cak
358	759	è€…	 sa	 *tÃ¢	 tÅ›aÊ”	 tÅ›jaÊ”		 sia	 sia	 giáº£	 giáº£	 ca
359	760	ç´—	 sa	---	---	 saÉ¨		 sa	 sa	 sa	 sa	 sa
359	761	è‰	 sa	 *tshÃ»Ê”	 tshouÊ”	 tshÃ¢uÊ”		 sau	 sau	 tháº£o, thau	 tháº£o	 chwo
359	762	ç‘³	 sa	 *tshÃ¢iÊ”	 tshÉ‘iÊ”	 tshÃ¢Ê”	 tsha	 sa	 sa	---	 tha, tháº£, thÃ¡	 cha
360	763	ç£‹	 sa	 *tshÃ¢i	 tshÉ‘i	 tshÃ¢	 tsha	 sa	 sa	 tha	 tha	 cha
360	764	ç‹¹	 sa	 *É¡rÃªp	 É¡É›p	 É£Äƒp		 gefu	 kafu	 háº¹p	 hiá»‡p	 hyep
361	765	çŒ¿	 sa	 *wan	 wan	 jwÉn		 won	 wen	 vÆ°á»£n	 viÃªn	 wen
361	766	ç¾…	 sa	 *rÃ¢i	 lai	 lÃ¢		 ra	 ra	 la, lÃ 	 la	 la
361	767	ç›¸	 saga, sagu	 *saÅ‹ or *saÅ‹h	 siaÅ‹ or siaÅ‹h	 sjaÅ‹ or sjaÅ‹h		 sau	 siau	 tÆ°á»›ng, tÆ°Æ¡ng	 tÆ°á»›ng	 syang
361	768	å€‰	 sagu	 *tshÃ¢Å‹	 tshaÅ‹	 tshÃ¢Å‹		 sau	 sau	 thÆ°Æ¡ng	 tháº£ng, thÆ°Æ¡ng	 chang
362	769	ç©	 saka	 *tsek or *tsekh	 tsiek or tsieh	 tsjÃ¤k or tsjeh		 siaku	 seki	 tÃ­ch	 tÃ­ch	 cyek, co
362	770	å°º	 saka	 *thak	 tÅ›hak	 tÅ›hjÃ¤k		 siaku	 seki	 xÃ¡ch, xáº¿, xá»‡ch	 sÃ­ch, xÃ­ch	 chyek
362	771	å°º	 saka	 *lhak	 Å›ak	 Å›jÃ¤k		 siaku	 seki	 thÃ­ch	 thÃ­ch	 syek
363	772	è·¡	 saki	 *tsjak	 tsiak	 tsjÃ¤k		 siaku	 seki	 tÃ­ch	 tÃ­ch	 cyek
363	773	åƒ	 sama, sami	 *srÉ™m or *tshÌ‚m	 sÌ˜	 s		 samu	 samu	 sÃ¢m, tham	 sÃ¢m, tham	 sam, cham, som, chom
363	774	ä¸‰	 samu	 *sÉ™Ì‚m	 sam or sÉ™m	 sÃ¢m		 samu	 samu	 tam	 tam	 sam
364	775	æ•£	 sani, sa	 *sÃ¢nÊ” or *sÃ¢ns	 sanÊ” or sanh	 sÃ¢nÊ” or sÃ¢nh		 samu	 san	 tan, táº£n	 táº£n, tÃ¡n	 san
364	776	æˆ”	 sano	 *dzÃ¢n	 dzan	 dzÃ¢n	 tsÉ¦an	 zan	 san	 tÃ n	 tÃ n	 can, cyen
364	777	è´Š	 sano, sanu, sa	 *tsÃ¢ns	 tsanh	 tsÃ¢nh		 samu	 san	 tÃ¡n	 tÃ¡n	 chan
364	778	è®ƒ	 sanu, sa	 *tsÃ¢ns	 tsanh	 tsÃ¢n		 samu	 san	 tÃ¡n	 tÃ¡n	 chan
365	779	é›œ	 sapa, sapi, sapu	 *dzÉ™Ì‚p	 dzÉ™p	 dzÉ™p	 tsÉ¦ap	 zafu	 safu	 táº¡p	 táº¡p	 cap
365	780	ç‹ä¹‹	 sapi, sa	 *tsÉ™Ì‚p	 tsÉ™p	 tsáº­p		 safu	 safu	 tÃ¡p, táº¥p	 tap	 cap
366	781	é¢¯	 sapu	 *sÉ™Ì‚p	 sÉ™p	 sÃ¢		 safu	 safu	 tÃ¡p	 tÃ¡p	 sap
366	782	è–©	 sati, satwo, satu	---	---	 sat	 sat	 sati	 satu	 tÃ¡t	 tÃ¡t	 sal
367	783	åˆ·	 satu	 *srot	 á¹£uat	 s	 Ê‚É°a:t	 sati		 loÃ¡t, loáº¡t	 loÃ¡t	 swal
367	784	æ—©	 sawa	 *tsÃ»Ê”	 tsouÊ”	 tsÃ¢uÊ”		 sau	 sau	 táº£o	 táº£o	 cwo
367	785	è‰	 sawa	 *tshÃ»Ê”	 tshouÊ”	 tshÃ¢uÊ”		 sau	 sau	 tháº£o, thau	 tháº£o	 chwo
367	786	æœ€	 sayo	 *tsÃ´s	 tsuas	 tswÃ¢ih		 sai	 sai	 tá»‘i	 tá»‘i	 chwoy
367	787	æ–¯	 se > si	 *se	 sie	 sje		 si	 si	---	 tÆ°	 sa
367	788	é½Š	 se	 *dzÃ®	 dzei	 dziei		 zai	 sei	 trai, chay, chÃ¢y	 tá», trai, chay	 co, cyey, coy
368	789	è¥¿	 se	 *sÃ®	 sei	 siei		 sai	 sei	 tÃ¢y	 tÃ¢y, tÃª	 sye
368	790	æ´’	 se	 *sriÊ”	 á¹£É›iÊ”	 á¹£Äƒj		 sai, sia	 sei	 sÃ¡i, ráº£i, rÃ¡i, váº©y	 sÃ¡i	 syey, say, sway, sa
369	791	æ–½	 se	 *lhai	 Å›É‘i	 Å›je		 se	 si	 thÃ­, thia, the, thÃ¨	 thi, thÃ­	 si, i
369	792	å‹¢	 se	 *nhets	 Å›as	 Å›jÃ¤ih		 se	 sei	 tháº¿	 tháº¿, thá»ƒ	 syey
370	793	ä¸–	 se	 *lhats	 Å›as	 Å›jÃ¤ih		 se	 sei	 thÃ¡, tháº¿, thÃ©	 tháº¿	 syey
371	794	åˆ¶	 se	 *kets or *tats	 tÅ›as	 tÅ›jÃ¤ih	 tÊ‚iaj	 sei	 sei	 cháº¿, chÆ¡i	 cháº¿	 cyey
371	795	ç´°	 se	 *sÃ®h	 seih	 sieih	 siaj	 sai	 sei	 táº¿, tÃ©, tá»›i	 táº¿	 syey
372	796	æ –	 se	 *sÃ®	 sei	 siei	 siaj	 sai	 sei	 thÃª	 tÃª, thÃª	 syey
372	797	æ˜¯	 se	 *deÊ”	 dÅºeÊ”	 ÅºjeÊ”	 Ê‚É¦i	 ze	 si	 thá»‹	 thá»‹	 si
372	798	åŠ‘	 se	 *dzÃ®h	 dzeih	 dzieih		 zai	 sei	 tá»…	 tá»…	 co, cyey
373	799	ç€¬	 se	 *rÃ¢ts	 lÉ‘s	 lÃ¢ih		 rai	 rai	---	 láº¡i	 lai
373	800	æ¹	 se	 *thÃ´n	 thuÉ‘n	 thwÃ¢n		 tamu	 tan	---	 thoan	 tan
373	801	èƒŒ	 se	 *Ì‚kh	 pÉ™h	 pwÃ¢		 fai	 fai	 bá»‘i, bá»™i, bá»“i, bá»•i	 bá»‘i, bá»™i	 poy, phay
374	802	è„Š	 se	 *tsek	 tsiek	 tsjÃ¤k		 siaku	 seki	 tÃ­ch	 tÃ­ch	 chyek
374	803	è¿«	 se	 *prÃ¢k	 pak	 pÉk		 faku	 faku	 báº¡ch, bÃ¡ch	 bÃ¡ch	 poyk
374	804	çŸ³èŠ±	 se	---	---	---		---	---	---	---	---
375	805	ç»	 semi	 *tam	 tÅ›am	 tÅ›Ã¤m		 semu	 semu	 chiÃªm	 chiÃªm	 chyem
375	806	å¿—.	 si	 *se	 sie	 sje		 si	 si	---	 tÆ°	 sa
376	807	è³‡	 si	 *tsi or *tsÉ™i	 tsi	 tsi		 si	 si	 tÆ°	 tÆ°	 co
376	808	æ¬¡	 si	 *tshis/h	 tshih, tshis	 tshi		 si	 zi	 thá»©, thá»›	 thá»©	 cho
379	809	å­	 si	 *tsÉ™Ê”	 tsiÉ™Ê”	 tsi		 si	 si	 tá»­, tÃ­, gÃ£	 tá»­, tÃ­	 co
380	810	ä¹‹	 si	 *tÉ™	 tÅ›É™	 tÉ•É¨		 si	 si	 chi, gÃ¬	 chi	 ci
381	811	å°¸	 si	 *lhi	 *Å›i	 É•i		 si	 si	 thi, thÃ¢y	 thi	 si
381	812	å¸«	 si	 *sri	 á¹£i	 Ê‚i		 si	 si	 sÆ°	 sÆ°	 so
382	813	æ–°	 si	 *sin	 sin	 sin		 simu	 sin	 tÃ¢n, tÃ¢ng	 tÃ¢n	 sin
382	814	æ€	 si	 *sÉ™	 siÉ™	 sÉ¨		 si	 si	 tÆ°, tá»©, tÆ¡	 tÆ°, tá»©	 soy
383	815	å››	 si	 *sis	 sis > sih	 sih		 si	 si	 tá»©	 tá»©	 so
384	816	å¸	 si	 *sÉ™	 siÉ™	 sÉ¨		 si	 si	 ti, tÆ°, tÆ¡	 ti, tÆ°	 so
384	817	å‘‚æ›½	 si	 *tÉ™h	 tÅ›É™h	 tÉ•É¨		 si	 si	 chÃ­	 chÃ­	 ci
385	818	ç´«	 si	 *tseÊ”	 tsieÊ”	 tsia		 si	 si	 tá»­, tÃ­a	 tá»­	 co
386	819	èŠ	 si	 *tÉ™	 tÅ›iÉ™	 tÉ•É¨		 si	 si	---	 chi	 ci
387	820	è©©	 si	 *lhÉ™	 Å›É™	 É•É¨		 si	si	 thi, thÆ¡	 thi	 si
387	821	æ—¨	 si	 *kiÊ”	 kiÊ” > tÅ›iÊ”	 tÉ•i		 si	 si	 chá»‰	 chá»‰	 ci
388	822	å¯º	 si, zi	 *s-lÉ™h	 ziÉ™h	 zÉ¨	 sÉ¦Ê‘	 zi	 si	 chÃ¹a	 tá»±	 so, si
389	823	æŒ‡	 si	 *kiÊ”	 kiÊ” > tÅ›iÊ”	 tÉ•i	 tÊ‚i	 si	 si	 chá»‰, chá», xá»‰	 trá»‰, chá»‰	 ci
389	824	æ­»	 si	 *siÊ”	 siÊ”	 si		 si	 si	 tá»­	 tá»­	 so
390	825	æ­¤	 si	 *tshÉ™Ê”	 tshieÊ”	 tshiÉ™		 si	 si	 thá»­	 thá»­	 cho
390	826	æ™‚	 si	 *dÉ™	 dÅºÉ™	 dÊ‘É¨	 Ê‚É¦i	 zi	 si	 thÃ¬, thá»i	 thÃ¬, thá»i	 si
390	827	å²	 si	 *sÉ™	 siÉ™	 sÉ¨		 si	 si	---	 tÆ°, ty	 soy
391	828	ä¿¡	 si, sina	 *sin	 sinh	 sin		 simu	 sin	 tÃ­n, tin	 tÃ­n	 sin
391	829	è©	 si	 *s-lÉ™	 ziÉ™	 zÉ¨	 sÉ¦Ê‘	 zi	 si	 tá»«	 tá»«	 so
391	830	å—£	 si	 *s-lÉ™h	 ziÉ™h	 zÉ¨	 sÉ¦Ê‘	 zi	 si	 tá»±	 tá»±	 so
392	831	è¾­	 si	 *s-lÉ™	 ziÉ™	 zÉ¨	 sÉ¦Ê‘	 zi	 si	 tá»«	 tá»«	 so
392	832	è©¦	 si	 *lhÉ™kh	 Å›É™h	 É•É¨	 Ê‚i	 si	 si	 thÃ­.	 thÃ­	 si
392	833	ç’½	 si	 *sneÊ”	 sieÊ”	 siÉ™	 sÊ‘	 si	 si	---	 tá»‰	 so
393	834	å§‹	 si	 *lhÉ™Ê”	 Å›É™Ê”	 É•É¨	 Ê‚i	 si	 si	 thá»‰, thuá»·	 thá»‰, thi, thuá»·	 si
393	835	ä¼º	 si	 *sÉ™(h)	 siÉ™(h)	 sÉ¨	 sÊ‘	 si	 si	---	 tÆ°, tá»©	 so
393	836	è‡ª	 si	 *dzih	 dzih	 dzi	 tsÉ¦Ê‘	 zi	 si	 tá»±, tá»«	 tá»±	 co
394	837	æ–½	 si	 *lhai	 Å›É‘i	 É•iÉ™	 Ê‚i	 se	 si	 thÃ­, thia, the, thÃ¨	 thi, thÃ­	 si
394	838	çµ	 si	 *lhai	 Å›É‘i	 É•iÉ™	 Ê‚i	 si	 si	---	 the	 si
395	839	èŒ²	 si	 *dzÉ™	 dziÉ™	 tsÉ¨	 tszÌ©	 si	 si	---	 ti, tÆ°	 co
395	840	çŸ¢	 si	 *lhiÊ”	 Å›iÊ”	 É•i	 Ê‚i	 si	si	 thá»‰, tháº»	 thá»‰	 ci
396	841	æ´	 si	---	---	 É¡i	 kÉ¦i	 ki	 ki	---	 ká»‹	 kuy, key
396	842	çˆ²	 si	 *wai	 wÉ‘i	 wiÉ™		 wi	 wi	 vÃ­, vÃ¬, vá»‹, vá», vay	 vi, vá»‹	 wuy
397	843	ç£¯	 si	 *kÉ™i	 kÉ¨i	 kÉ¨j		 ke	 ki	 cÆ¡	 cÆ¡	 kuy
397	844	ç¾Šè¹„	 si	---	---	---		---	---	---	---	---
397	845	é¾	 sigu	 *toÅ‹	 tÅ›oÅ‹	 tÉ•uawÅ‹	 tÊ‚ywÅ‹	 syuu	 sio	 chuÃ´ng	 chung	 chwong
398	846	é˜	 sigu	 *toÅ‹	 tÅ›oÅ‹	 tÉ•uawÅ‹	 tÊ‚ywÅ‹	 syuu	 sio	 chuÃ´ng	 chung	 chwong
398	847	é¤	 sika	 *lhÉ™k	 Å›É¨k	 É•ik		 siki	 sioku	 sá»©c	 sá»©c	 sik
398	848	è‰²	 sika, siki, siko	 *srÉ™k	 á¹£É™k	 Ê‚ik		 siki	 sioku	 sáº¯c	 sáº¯c	 soyk
398	849	å¼	 siki	 *lhÉ™k	 Å›É¨k	 É•ik		 siki	 sioku	 thá»©c	 thá»©c	 sik
399	850	æ‹­	 siki	 *lhÉ™k	 Å›É¨k	 É•ik		 siki	 sioku	 xá»©c, rá»‹	 thá»©c	 sik
399	851	å”	 siku	 *nhiuk	 Å›uk	 É•uwk		 suku	 siuku	---	 thá»©c	 sywuk
400	852	è¥²	 sipi	 *s-lÉ™p	 zip	 zip	 sÉ¦ip	 zifu	 sifu	 táº­p	 táº­p	 sup
400	853	è³ª	 siti	 *tÉ™t	 tÅ›it	 tÉ•it		 siti	 situ	 cháº¥t	 cháº¥t	 cil
400	854	æ¼†	 situ	 *tshit	 tshit	 tshit	 tshit	 siti	 situ	 táº¥t	 táº¥t	 chil
400	855	æ›¾	 so	 *tsÉ™Ì‚Å‹	 tsÉ™Å‹	 tsÉ™Å‹		 zou	 sou	 táº±ng, tÆ°ng, tá»«ng	 táº±ng, tÄƒng	 chung
401	856	æ€	 so	 *sÉ™ or *sÉ™h	 siÉ™	 sÉ¨ or sÉ¨h		 si	 si	 tÆ°, tá»©, tÆ¡	 tÆ°, tá»©	 so
401	857	æ‰€	 so	 *sraÊ”	 á¹£É‘Ê”	 á¹£jwoÊ”		 sio	 so	 sá»¡, sá»­a	 sá»Ÿ	 swo
403	858	å¢	 so	 *tsÉ™Ì‚Å‹	 tsÉ™Å‹	 tsÉ™Å‹	 tsÉ™aÅ‹	 sou	 zou	 tÄƒng, tÃ¢ng	 tÄƒng, táº·ng	 cung
403	859	å™Œ	 so	---	 sÉ™Å‹	 sÉ™Å‹		 siau	 sau	 táº±ng, tÄƒng, tÆ°ng	 tÆ°ng	 coyng, cung
403	860	åƒ§	 so	---	 sÉ™Å‹	 sÉ™Å‹		 sou	 sou	 tÄƒng	 tÄƒng	 sung
404	861	å‰‡	 so	 *tsÉ™Ì‚k	 tsÉ™k	 tsÉ™k		 soku	 soku	 táº¯c	 táº¯c	 cuk
404	862	è«¸	 so	 *ta	 tÅ›É‘	 tÅ›jwo	 tÊ‚ia	 sio	 sio	 chÆ°, chá»©, chÆ¡	 chÆ°	 cye
404	863	è´ˆ	 so	 *dÌ‚Å‹h	 dzÉ™Å‹h	 dzÉ™Å‹h	 tsÉ¦É™aÅ‹	 zou	 sou	 táº·ng	 táº·ng	 cung
405	864	å±¤	 so	 *dzÉ™Ì‚Å‹	 dzÉ™Å‹	 dzÉ™Å‹	 tsÉ¦É™É™Å‹	 zou	 sou	 táº§ng, tá»«ng	 táº±ng, táº§ng	 chung
405	865	è³Š	 so	 *dzÉ™Ì‚k	 dzÉ™k	 dzek	 tsÉ¦É™Äƒk	 zoku	 soku	 táº·c	 táº·c	 cuk, cek
405	866	è¡£	 so	 *Ê”É™i or *Ê”É™ih	 Ê”É¨i or Ê”É¨ih	 Ê”jÉ™i or Ê”jÉ™ih		 e	 i	 y, e	 y, á»³, á»·	 uy
406	867	èƒŒ	 so	 *pÌ‚kh	 pÉ™h	 pwÃ¢		 fai	 fai	 bá»‘i, bá»™i, bá»“i, bá»•i	 bá»‘i, bá»™i	 poy, phay
406	868	è‹‘	 so	 *Ê”onÊ” or *wÉ™nÊ”	 Ê”yanÊ” or wunÊ”	 Ê”jwÉnÊ” or jwÉ™n		 won	 wen	 táº·c	 táº·c	 cuk, cek
406	869	è¥²	 so	 s-lÉ™p	 zip	 zjÉ™p		 zifu	 sifu	 táº­p	 táº­p	 sup
407	870	é ˆ	 su	 *sno	 sio	 suÉ™		 su	 siu	 tua	 tu	 sywu
408	871	å‘¨	 su	 *tiu	 tÅ›u	 tÉ•uw		 siu	 siuu	 chu	 chu, chÃ¢u	 cywu
409	872	å·	 su	 *tu	 tÅ›u	 tÉ•uw		 su	 siuu	 chÃ¢u	 chu, chÃ¢u	 cywu
409	873	ä¹….	 su	 *tsju(Ê”)	 tsiuÊ”	 tsuw		 siu	 siuu	 tá»­u	 tá»­u	 cywu
410	874	æ´²	 su	 *tu	 tÅ›u	 tÉ•uw		 su	 siu	 chao	 chÃ¢u	 cywu
410	875	é…¢	 su	 *dzÃ¢k	 dzÉ‘k	 dzak		 su	 so	 táº¡c	 táº¡c	 cak, chwo
412	876	ä¸»	 su	 *toÊ”	 tÅ›oÊ”	 tÉ•ua		 siu	 siu	 chá»§	 chá»§, chÃºa	 cywu
412	877	å¯¸	 su	 *tshÃ»ns	 tshÉ™nh	 tshwÉ™nh		 sumu	 son	 sÃ³n, thá»‘n, xá»‘n	 thá»‘n	 chwon
412	878	ç 	 su	 *to	 tÅ›o	 tÉ•ua		 su	 siu	 chÃ¢u, chau	 chÃ¢u	 cywu
412	879	æ•¸	 su	 *sro	 á¹£oÊ”	 Ê‚uÉ™		 su, soku	 su	 sá»•, sá»‘, sÃ´, xá»•, xá»	 sá»•, sá»‘	 swu, sak, chwok
413	880	ç¨®	 su	 *toÅ‹	 tÅ›oÅ‹	 tÉ•uawÅ‹		 siu	 siou	 chá»§ng, giá»‘ng, trÃ²ng	 chá»§ng, chÃºng	 cywong
413	881	è¡†	 su	 *tuÅ‹h	 tÅ›uÅ‹h	 tÅ›uÅ‹h		 siu	 siuu	 chÃºng	 chÃºng	 cywung
413	882	æ˜¥	 su	 *thun	 tÅ›huin	 tÅ›hjwen		 siun	 siun	 xuÃ¢n, xoan	 xuÃ¢n	 chywo, swo
413	883	ç§€	 su	 *suh	 siuh	 suw	 siw	 siu	 siu	 tÃº	 tÃº	 sywu
414	884	æ®Š	 su	 *do	 dÅºo	 dÊ‘uÉ™	 Ê‚É¦yÉ™	 ziu	 siu	 thÃ¹a, thÃ²	 thÃ¹	 sywu
414	885	è¼¸	 su	 *lho or *hjo	 Å›o	 É•uÉ™	 Ê‚yÉ™	 siu	 siu	 thÃ¢u, thua	 du, thÃ¢u, thÃº	 sywu
414	886	ç´ 	 su	 *sah	 sÉ‘h > sÉ”h	 sÉ”	 suÉ™	 so	 su	 tá»‘	 tá»‘	 swo
415	887	è’­	 su	 *tshro	 tá¹£ho	 tÊ‚huÉ™	 tÊ‚huÉ™	 siu	 su	 so	 sÃ´	 chywu
415	888	æ¨”	 su	 *dzrÃ¢u	 dáº“au	 dzaÉ¨w		 zeu	sau	 sÃ o, rÃ o	 sÃ o	 chywo, swo
415	889	æ –	 su	 *sÌ‚i or *snÉ™	 sei or sen	 sÉ›j		 sai	 sei	 thÃª	 tÃª, thÃª	 sye
415	890	ç°€	 su	 *tsrÃªk	 tá¹£É›k	 tÊ‚É™É¨jk		 siaku	 saku	---	 trÃ¡ch	 choyk
416	891	æ¸š	 su	 *taÊ”	 tÅ›É‘Ê” > tÅ›É”Ê”	 tÅ›jwoÊ”		 sio	 sio	 chÃ£, chá»›, chÆ°a	 chá»­	 cye
416	892	çˆ²	 su	 *wai	 wai	 jwe		 wi	 wi	 vá»‹, vi, vÃ¬	 vá»‹, vi	 wuy
416	893	è¶³	 suku	 *tsok	 tsiok	 tsjwok		 siu, soku	 sioku	 tÃºc	 tÃºc, tá»¥	 cyok, cwu
417	894	å®¿	 suku, suko	 *suk	 siuk	 sjuk		 suku	 siuku	 tÃºc, tÃº	 tÃºc, tÃº	 sywuk, sywu
417	895	å”	 suku	 *nhuk	 Å›uk	 Å›juk		 suku	 siuku	 thÃºc	 thÃºc	 sywuk
417	896	æ·‘	 suku	 *diuk	 dÅºuk	 Åºjuk		 ziuku	 siuku	---	 thá»¥c	 sywuk
418	897	é§¿	 suru	 *tsjuns	 tsuinh	 tsjwenh		 siun	 siun	---	 tuáº¥n	 cywun, sywun
418	898	è˜‡	 swo	 *sÅ‹Ã¢	 sÉ‘ > sÉ”	 suo		 so	 so	 to, tÃ´	 tÃ´, tá»“, lá»™	 swo
419	899	å··	 swo	 *É¡rÃ´Å‹h	 É¡É”Å‹h	 É£Ã¥Å‹h		 gou	 kau	---	 háº¡ng	 hang
420	900	å—½	 swo	 *sÃ´kh	 soh	 sÉ™u		 su, soku	 sou, soku	---	 sá»©u	 swu, sak
420	901	å®—	 swo	 *tsÃ»Å‹	 tsouÅ‹	 tsouÅ‹		 so	 sou	 tÃ´ng, tong	 tong	 cwong
421	902	ç´ 	 swo	 *sÃ¢h	 sÉ‘h > sÉ”h	 suoh	 suÉ™	 so	 su	 tá»‘	 tá»‘	 swo
421	903	ç¥–	 swo	 *tsÃ¢Ê”	 tsÉ‘Ê” > tsÉ”Ê”	 tsuoÊ”		 so	 so	 tá»•, tá»	 tá»•	 cwo
421	904	æ³	 swo	 *sÅ‹Ã¢kh	 sÉ‘h > sÉ”h	 suoh	 suÉ™	 su	 so	---	 tá»‘	 swo
422	905	éº»	 swo	 *mrÃ¢i	 mai	 ma		 ma	 ma	 ma, mÃ 	 ma	 ma
422	906	å	 swo	 *É¡ip	 dÅºip	 ÅºjÉ™p		 zifu	 sifu	 sáº­p, tháº­p	 tháº­p	 sip
422	907	è¿½é¦¬	 swo	---	---	---		---	---	---	---	---
423	908	å¤š	 ta	 *tÃ¢i	 tÉ‘i > tÉ‘	 tÃ¢		 ta	 ta	 Ä‘a, Ä‘Æ¡	 Ä‘a	 ta
425	909	å“†	 ta	 *d-lai or k-hlaiÊ”	 tÅ›hÉ‘iÊ”	 tÅ›hjeÊ”		 ta	 si	 Ä‘e, Ä‘á»›, Ä‘á»©	 xá»‰	 chya, chi
426	910	å¤§	 ta	 *dÃ¢s	 dÉ‘h, das	 dÃ¢ih		 da, dai	 ta, tai	 Ä‘áº¡i	 Ä‘áº¡i, thÃ¡i	 ta, tay, thay
426	911	å¤ª	 ta	 *thÃ¢s	 thÉ‘s	 thaih		 tai	 tai	 thÃ¡i	 thÃ¡i	 thay
427	912	ä¾ˆ	 ta	 *d-lai or *k-hlaiÊ”	 tÅ›hai	 tÅ›hjeÊ”		 si	 si	 xá»‰, xÃ­, xáº«y	 xá»‰, xÃ­	 chi
427	913	ä»–	 ta	 *lhÃ¢i	 thai	 thÃ¢		 ta	 ta	 tha, thÃ , thÆ¡	 tha	 tha
427	914	è¨—	 ta, taku	 *thÃ¢k	 thak	 thÃ¢k		 taku	 taku	 thÃ¡c	 thÃ¡c	 thak
428	915	é»¨	 ta	 *tÃ¢Å‹Ê”	 tÉ‘Å‹Ê”	 tÃ¢Å‹Ê”	 taÅ‹	 tau	 tau	 Ä‘áº£ng	 Ä‘áº£ng	 tang
428	916	é™€	 ta	---	 dai	 dÃ¢	 tÉ¦a	 da	 ta	 Ä‘Ã 	 Ä‘Ã 	 tha
428	917	é™	 ta	 draiÊ”	 á¸iaiÊ”	 á¸jeÊ”	 tÉ¦a	 da	 ta	 Ä‘Ã 	 Ä‘Ã 	 tha
429	918	æŸ	 ta	 thraiÊ”	 á¹­iaiÊ”	 á¹­hjeÊ”	 tÉ¦a	 da	 ta	 Ä‘Ã , xÃ 	 Ä‘áº¡	 tha
429	919	æŸ‚	 ta	 thraiÊ”	 á¹­iaiÊ”	 á¹­hjeÊ”	 tÉ¦a	 da	 ta	 Ä‘Ã , xÃ 	 Ä‘áº¡	 tha
429	920	é§„	 ta	---	---	 da	 tÉ¦a	 da	 ta	---	 Ä‘Ã 	 tha
430	921	ç”°	 ta	 *lÃ®n	 den	 dien		 demu	 ten	 Ä‘iá»n, ruá»™ng	 Ä‘iá»n	 tyen
430	922	æ‰‹	 ta	 *nhuÊ” or *hjuÊ”	 Å›uÊ”	 Å›jÉ™uÊ”		 su	 siuu	 thá»§	 thá»§	 sywu
431	923	ç•¶	 tagi	 *tÃ¢Å‹	 taÅ‹	 tÃ¢Å‹		 tau	 tau	 Ä‘ang, Ä‘Ã¡ng	 Ä‘ang, Ä‘Ã¡ng	 tang
431	924	å®•	 tagi	 *dÃ¢Å‹h	 daÅ‹h	 dÃ¢Å‹	 tÉ¦aÅ‹	 dau	 tau	---	 Ä‘Ã¡ng	 thang
431	925	å®…	 taku	 *drÃ¢k	 á¸ak	 á¸Ék	 trÉ¦a:jk	 daku	 taku	 tráº¡ch	 tráº¡ch	 choyk
431	926	æ¾¹	 tama	 *lÃ¢mÊ” or *lÃ¢ms	 damÊ” or damh	 dÃ¢mÊ”	 tÉ¦am	 damu	 tan	---	 Ä‘áº¡m	 tam
431	927	æ·¡	 tama, tamu	 *lÃ¢mÊ” or *lÃ¢ms	 damÊ” or damh	 dÃ¢mÊ”	 tÉ¦am	 dan	 tan	 Ä‘áº¡m, Ä‘áº·m, Ä‘Æ°á»£m	 Ä‘áº¡m	 tam
432	928	å€“	 tama	 *lÃ¢m or *lÃ¢ms	 dam or damh	 dÃ¢m	 tÉ¦am	 dan	 tan	---	 Ä‘áº£m	 tam
432	929	è¦ƒ	 tami	 *lÉ™Ì‚m	 dÉ™m	 dáº­m	 tÉ¦am	 don	 tan	 Ä‘áº§m	 Ä‘Ã m	 tam
432	930	æ½­	 tami	 *lÌ‚m	 dÉ™m	 dáº­m	 tÉ¦am	 dan	 tan	 Ä‘áº±m	 Ä‘Ã m	 tam
432	931	ä¸¹	 tani, tanu	 *tÃ¢n	 tan	 tÃ¢n		 tamu	 tan	 Ä‘an, Ä‘Æ¡n	 Ä‘an, Ä‘Æ¡n	 tan
433	932	æ—¦	 tani	 *tÃ¢ns	 tanh	 tÃ¢nh		 tamu	 tan	 Ä‘Ã¡n	 Ä‘Ã¡n	 tan
433	933	ä½†	 tani	 *dÃ¢nÊ”	 danÊ”	 dÃ¢nÊ”	 tÉ¦an	 damu	 tan	 Ä‘Ã£n, Ä‘á»¡n	 Ä‘Ã¡n, Ä‘Ã£n	 tan
433	934	æª€	 tanwo, ta	 *dÃ¢n	 dan	 dÃ¢n	 tÉ¦an	 damu	 tan	 Ä‘Ã n	 Ä‘Ã n	 tan
433	935	ç­”	 tapu	 *tÉ™Ì‚p	 tÉ™p	 táº­p		 tafu	 tafu	 Ä‘Ã¡p	 Ä‘Ã¡p	 tap
433	936	æµ·åŸ	 tapu	---	 thap	 thÃ¢p		 tafu	 tafu	 thÃ¡p, thÃ³p	 thÃ¡p	 thap
434	937	å¸¶	 tara	 *tÃ¢s	 tas	 tÃ¢i		 tai	 tai	 Ä‘Ã¡i, Ä‘Ã¡y, Ä‘á»›i	 Ä‘Ã¡i, Ä‘á»›i	 toi
434	938	é”	 tata, tate, tati	 *thÃ¢t or *dÃ¢t	 that or dat	 thÃ¢t or dÃ¢t		 dati	tati	 Ä‘áº¡t, Ä‘áº·t, Ä‘áº­t	 Ä‘áº¡t	 tal
434	939	é®	 te	 *tÃª or *dÃª	 te, de	 tiei, diei		 tai	 tei	---	 Ä‘á»	 tyey
434	940	å¼–	 te	 *tÃ®Ê”	 teiÊ”	 tiei		 tei	 tei	 Ä‘Ãª	 Ä‘Ãª, Ä‘á»ƒ	 tye
435	941	å¤©	 te	 *thÃ®n	 then	 thien		 temu	 ten	 thiÃªn	 thiÃªn	 thyen
437	942	å¸	 te	 *tÃªh	 teh	 tieih		 tai	 tei	 Ä‘áº¿, Ä‘áº¥y, Ä‘Ã­	 Ä‘áº¿	 thyey
437	943	æ	 te	 *tÃªÊ” or dÃª	 teh, de	 tieih, diei	 tiaj	 dai	 tei	 Ä‘á», Ä‘Ã¨, dá», chá»	 Ä‘á», thÃ¬	 tyey
438	944	ä½	 te, de	 *tÃ®	 tei	 tiei		 tei	 tei	 Ä‘Ãª, Ä‘Ã¢y	 Ä‘Ãª	 tye
438	945	åº•	 te	 *tÃ®Ê”			 tiaj	 tai	 tei	 Ä‘á»ƒ	 Ä‘á»ƒ	 tye, ci
440	946	å ¤	 te	 *dÃª	 de	 diei	 tiaj	 tai	 tei	 Ä‘Ãª	 Ä‘Ãª, Ä‘á»	 tyey
440	947	è«¦	 te	 *tÃªh	 teh	 tieih	 tiaj	 tai	 tei	---	 Ä‘áº¿	 thyey
440	948	é¡Œ	 te	 *dÃª	 de	 diei	 tÉ¦iaj	 dai	 tei	 Ä‘á»	 Ä‘á»‡, Ä‘á»	 tyey
441	949	ä»£	 te	 *lÌ‚kh	 dÉ™h	 dáº­ih		 dai	 tai	 Ä‘áº¡i, Ä‘á»i	 Ä‘áº¡i	 toy
441	950	æ‰‹	 te	 *hjuÊ” or nhuÊ”	 Å›uÊ”	 Å›jÉ™uÊ”		 su	 siu	 thá»§	 thá»§	 sywu
442	951	åƒ¹	 te	 *krÃ¢h	 kah	 kah		 ke	 ka	 giÃ¡	 giÃ¡	 ka
442	952	ç›´	 te	 *drÉ™kh or *drÉ™k	 á¸iÉ™ or á¸É¨k	 á¸É¨h or á¸jÉ™k		 diki	 tioku	 trá»±c, chá»±c, sá»±c	 trá»±c, chá»±c	 chi, cik
443	953	é»	 temu	 *tÃªmÊ”	 temÊ”	 tiem		 temu	 temu	 cháº¥m, Ä‘iá»ƒm, Ä‘áº¿m	 Ä‘iá»ƒm	 tyem
443	954	æ™º	 ti	 *treh	 á¹­ieh	 á¹­jeh		 ti	 ti	 trÃ­, trÃ©	 trÃ­	 ci
444	955	çŸ¥	 ti	 *tre	 á¹­ie	 á¹­je		 ti	 ti	 trÃ­, tri	 tri, trÃ­	 ci
445	956	è‡³	 ti	 *tits	 tÅ›is	 tÅ›ih		 si	 si	 chÃ­	 chÃ­, trÃ­	 ci
446	957	è‡´	 ti	 *trits	 á¹­is	 á¹­ih		 ti	 ti	 trÃ­	 trÃ­	 ci
446	958	ç›´	 ti, tiki	 *drÉ™kh or *drÉ™k	 á¸iÉ™ or á¸É¨k	 á¸É¨h or á¸jÉ™k		 diki	 tioku	 trá»±c, chá»±c, sá»±c	 trá»±c, chá»±c	 chi, cik
446	959	æ¥	 ti	 *rhÉ™Ê”	 á¹­hiÉ™Ê”	 á¹­hÉ¨Ê”		 ti	 ti	 sá»‰, xá»‰	 sá»‰	 chi
447	960	é™³	 ti	 *drin	 á¸in	 á¸jen		 dimu	 tin	 cháº·n, tráº±n, trÆ°á»n	 tráº­n, tráº§n	 cin
447	961	ç¬	 ti	 *rhÉ™	 á¹­hiÉ™	 á¹­hÉ¨	 trhi	 ti	 ti	 xuy	 xuy	 chi
447	962	æ± 	 ti	 *drai	 á¸iai	 á¸ieLMC: trÉ¦i		 di	 ti	 Ä‘Ã¬a, trÃ¬, trá»	 trÃ¬	 tha, co
448	963	é¦³	 ti	 *drai	 á¸iai	 á¸ieLMC: trÉ¦i		 di	 ti	---	 trÃ¬, chÃ¬	 chi
448	964	é­	 ti	 *trin	 á¹­in	 á¹­jen		 den	 ten	 cháº¯n, tráº¥n, trá»›n	 tráº¥n	 cin
448	965	ã¨–	 ti	 *trit	 á¹­is	 á¹­ih	 tri	 ti	 ti	---	 trÃ­	 ci
448	966	åƒ	 ti	 *tshÃ®n	 tshen	 tshien		 semu	 sen	 thiÃªn	 thiÃªn	 chyen
449	967	èŒ…	 ti	 *mrÃ»	 mÉ”u	 mau		 meu, mau	 bau	---	 mao	 mwo
449	968	é“	 ti	 *lÃ»Ê”	 douÊ”	 dÃ¢uÊ”		 dau	 tau	 Ä‘áº¡o, dáº¡o	 Ä‘Ã¡o, Ä‘áº¡o	 two
450	969	è¡€	 ti	 *hwÃ®t	 huet	 xiwet		 kuweti	 kuwetu	 huyáº¿t, hoÃ©t	 huyáº¿t	 hyel
450	970	ä¹³	 ti	 *noÊ”	 Å„oÊ”	 Å„ÅºjuÊ”		 niu	 ziu	 nhÅ©, vÃº	 nhÅ©	 ywu
450	971	æ••	 tiki	 *rhÉ™k	 á¹­hÉ¨k	 á¹­hjÉ™k		 tiki	 tiyoku	 sáº¯c	 sáº¯c	 chiku
451	972	ç	 tinu, ti	 *trÉ™n	 á¹­É¨n	 á¹­jen		 timu	 tin	 trÃ¢n	 chÃ¢n, trÃ¢n	 cin
451	973	ç§©	 titi	 *drit	 á¸it	 á¸jet		 diti	 titu	 cháº·t, cháº­t, giá»±t	 tráº­t	 cil
451	974	è‡º	 to	 *dÉ™Ì‚	 dÉ™	 dáº­i		 dai	 tai	 Ä‘Ã i	 Ä‘Ã i	 toy
452	975	ç™»	 to	 *tÉ™Ì‚Å‹	 tÉ™Å‹	 tÉ™Å‹		 tou	 tou	 Ä‘Äƒng, Ä‘Ã¡ng	 Ä‘Äƒng	 tung
453	976	æ­¢	 to	 *tÉ™Ê”	 tÅ›É™Ê”	 tÅ›É¨Ê”		 si	 si	 chá»‰	 chá»‰	 ci
455	977	ç­‰	 to	 *tÌ‚Å‹Ê”	 tÉ™Å‹Ê”	 tÉ™Å‹Ê”		 tou	 tou	 Ä‘áº³ng, Ä‘áº¥ng	 Ä‘áº³ng	 tung
456	978	æ¾„	 to	 *drÉ™Å‹	 á¸É¨Å‹, á¸aÅ‹	 á¸jÉ™Å‹, á¸ÉÅ‹	 trÉ¦iÉ™Å‹	 diou	 tiou	 chá»«ng	 trá»«ng, chá»«ng	 cing
456	979	é¨°	 to	 *lÉ™Ì‚Å‹	 dÉ™Å‹	 dÉ™Å‹	 GO: dou		 tou	---	 Ä‘áº±ng	 tung
457	980	å°	 to	 *lhÌ‚	 thÉ™	 tháº­i	 thaj	 dai	 tai	 Ä‘Ã i, thai, thÆ¡i, thay	 Ä‘Ã i	 thoy
457	981	è‹”	 to	 *lÉ™Ì‚	 dÉ™	 dáº­i	 tÉ¦aj	 dai	 tai	 Ä‘Ã y, Ä‘áº§y, dáº§y, SV: Ä‘Ã i		 thoy
457	982	ã”	 to	 *Ì‚Å‹h	 dÉ™Å‹h	 dÉ™Å‹h	 tÉ¦É™É™Å‹	 dou	 tou	 Ä‘áº·ng, Ä‘á»±ng	 Ä‘áº·ng	 tung
458	983	é„§	 to	 *dÌ‚Å‹h	 dÉ™Å‹h	 dÉ™Å‹h	 tÉ¦É™É™Å‹	 dou	 tou	 Ä‘áº·ng, Ä‘á»±ng	 Ä‘áº·ng	 tung
458	984	è—¤	 to	 *lÉ™Ì‚Å‹	 dÉ™Å‹	 dÉ™Å‹	 tÉ¦É™É™Å‹	 dou	 tou	 Ä‘áº±ng	 Ä‘áº±ng	 tung
458	985	ç¸¢	 to	 *lÉ™Ì‚Å‹	 dÉ™Å‹	 dÉ™Å‹	 tÉ¦É™É™Å‹	 dou	 tou	---	 Ä‘áº±ng	 tung
458	986	é³¥	 to	 *tiÃ»Ê”	 teuÊ”	 tieuÊ”		 teu	 teu	 Ä‘iá»ƒu	 Ä‘iá»ƒu	 tywo
459	987	å	 to, towo	 *É¡ip	 dÅºip	 ÅºjÉ™p		 zifu	 sifu	 sáº­p, tháº­p	 tháº­p	 sip
459	988	è·¡	 to	 *tsjak	 tsiak	 tsjÃ¤k		 siaku	 seki	 tÃ­ch	 tÃ­ch	 cyek
459	989	è¿¹	 to	 *tsjak	 tsiak	 tsjÃ¤k		 siaku	 seki	 tÃ­ch	 tÃ­ch	 cyek
459	990	å¸¸	 to	 *djaÅ‹	 dÅºaÅ‹	 ÅºjaÅ‹		 ziau	 siau	 thÆ°á»ng	 thÆ°á»ng	 syang
460	991	å¾³	 toko, toku	 *tÉ™Ì‚k	 tÉ™k	 tÉ™k		 toku	 toku	 Ä‘á»©c	 Ä‘á»©c	 tek
461	992	å¾—	 toko, to	 *tÉ™Ì‚k	 tÉ™k	 tÉ™k		 toku	 toku	 Ä‘áº¯c, Ä‘Ã¡c	 Ä‘áº¯c	 tuk
461	993	å°	 tu	 *tÃ»ts	 tuÉ™s	 twÃ¢ih		 tai	 tui	 Ä‘á»‘i, Ä‘á»—i	 Ä‘á»‘i	 toy
462	994	è±†	 tu	 *dÃ´h	 doh	 dÉ™uh		 du	 tou	 Ä‘áº­u	 Ä‘áº­u	 twu
462	995	éƒ½	 tu	 *tÃ¢	 tÉ‘ > tÉ”	 tuo		 tu	 to	 Ä‘Ã´, Ä‘o, Ä‘ua	 Ä‘Ã´	 two
463	996	é€š	 tu	 *lhÃ´Å‹	 thoÅ‹	 thuÅ‹		 tuu	 tou	 thá»‘ng, thong	 thÃ´ng	 thwong
465	997	è¿½	 tu	 *trui	 á¹­ui	 á¹­wi		 tui	 tui	 choai, truy	 truy	 thoy, chwyu
465	998	ä¸‘	 tu	 *rhuÊ”	 á¹­huÊ”	 á¹­hjÉ™uÊ”		 tiu	 tiu	 sá»­u	 sá»­u	 chywu
465	999	å·	 tu	 *k-hlun	 tÅ›uan	 tÅ›jwÃ¤n		 semu	 sen	 xuyÃªn	 xuyÃªn	 chyen
465	1000	èŸ	 tu	 *lÃ¢	 thÉ‘ > thÉ”	 thÉ”	 tÉ¦uÉ™	 tu	 to	 thá»‘, thá», Ä‘á»“	 thá»‘, thá»	 two, thwo
466	1001	é ­	 tu	 *dÃ´	 do	 dÉ™u	 tÉ¦É™w	 du	 tou	 Ä‘áº§u	 Ä‘áº§u	 twu
466	1002	å± 	 tu	 *dÃ¢	 da	 duo	 tÉ¦uÉ™	 do, du	 to	 Ä‘á»“	 Ä‘á»“	 two, cye
467	1003	é€”	 tu	 *lÃ¢	 dÉ‘	 duo	 tÉ¦uÉ™	 do, du	 to	 Ä‘á»“	 Ä‘á»“	 two
467	1004	å¾’	 tu	 *dÃ¢	 dÉ‘	 duo	 tÉ¦uÉ™	 do	 to	 Ä‘á»“, Ä‘Ã², trÃ²	 Ä‘á»“	 two
467	1005	çª	 tu	 *thÃ»t or *dÃ»t	 thuÉ™t, duÉ™t	 thwÉ™t, dwÉ™t	 tÉ¦ut	 doti	 totu	 Ä‘á»™t	 Ä‘á»™t	 twol
467	1006	åœ–	 tu	 *dÃ¢	 dÉ‘	 duo	 tÉ¦uÉ™	 du	 to	 Ä‘á»“	 Ä‘á»“	 two
468	1007	è¦©	 tu	 *tÃ¢Ê”	 tÉ‘Ê”	 tuoÊ”	 tuÉ™	 tu	 to	 Ä‘á»	 Ä‘á»•	 two
468	1008	æ´¥	 tu	 *tsin	 tsin	 tsjen		 sin	 sin	---	 tÃ¢n	 cin
469	1009	ç­‘	 tuka, tuki, tuku	 *truk	 á¹­uk	 á¹­juk		 tiku	 tiku	---	 chywuk	
469	1010	ç¯‰	 tuku	 *truk	 á¹­uk	 á¹­juk		 tiku	 tiku	 trá»‘c	 chywuk	
469	1011	ç«¹	 tuku	 *truk	 á¹­uk	 á¹­juk		 tiku	 situ	 trÃºc	 cywuk	
469	1012	ç«º	 tuku	 *tÃ»k	 touk	 tuok		 tiku, toku	 diku	 trÃºc	 chywuk, twok	
470	1013	æ•¦	 tunu	 *tÃ»n	 tuÉ™n	 twÉ™n		 ton	 ton	 Ä‘Ã´n	 twon, tan, thoy	
470	1014	ç¶´	 tutu	 *trot or *trots	 á¹­yat or á¹­yas	 á¹­jwÃ¤t, á¹­jwÃ¤ih		 teti	 tei	 xuÃ½t, choÃ©t	 chyel, chye	
470	1015	éƒ½	 two	 *tÃ¢	 tÉ‘ > tÉ”	 tuo		 tu	 to	 Ä‘Ã´, Ä‘o, Ä‘ua	 Ä‘Ã´	 two
471	1016	åˆ€	 two	 *tÃ¢u	 tÉ‘u	 tÃ¢u		 tau	 tau	 Ä‘ao, dao, Ä‘eo	 Ä‘ao	 two
472	1017	æ–—	 two	 *tÃ´Ê”	 toÊ”	 tÉ™u		 to	 tou	 Ä‘áº©u, Ä‘áº¥u	 Ä‘áº©u	 twu
473	1018	åœŸ	 two	 *thÃ¢Ê”	 thÉ‘Ê”	 thuoÊ”		 to	 to	 thá»•	 thá»•	 thwo, twu
473	1019	åº¦	 two	 *dakh	 dÉ‘h	 duoh	 tÉ¦uÉ™	 do	 to	 Ä‘á»™, Ä‘o, Ä‘á»¥	 Ä‘á»™	 two
474	1020	æ¸¡	 two	 *dakh	 dÉ‘h	 duoh	 tÉ¦uÉ™	 do	 to	 Ä‘Ã²	 Ä‘á»™	 two
474	1021	è¦©	 two	 *tÃ¢Ê”	 tÉ‘Ê”	 tuoÊ”	 tuÉ™	 tu	 to	 Ä‘á»•, Ä‘á»§	 Ä‘á»•	 two
474	1022	åœ–	 two	 *dÃ¢	 dÉ‘	 duo	 tÉ¦uÉ™	 du	 to	 Ä‘á»“	 Ä‘á»“	 two
475	1023	å¦¬	 two	 *tÃ¢kh	 tah	 tuoh	 tuÉ™	 tu	 to	 Ä‘á»‘, Ä‘Ãº	 Ä‘á»‘	 thwu
475	1024	å¾’	 two	 *dÃ¢	 dÉ‘	 duo	 tÉ¦uÉ™	 do	 to	 Ä‘á»“, Ä‘Ã², trÃ²	 Ä‘á»“	 two
475	1025	æœ	 two	 *dÃ¢Ê”	 dÉ‘Ê”	 duoÊ”	 tÉ¦uÉ™	 du	 to	 Ä‘á»—	 Ä‘á»—	 twu
476	1026	å± 	 two	 *dÃ¢	 da	 duo	 tÉ¦uÉ™	 do, du	 to	 Ä‘á»“	 Ä‘á»“	 two, cye
476	1027	å¡—	 two	 *lÃ¢	 dÉ‘	 duo	 tÉ¦uÉ™	 du	 to	 Ä‘á»“	 Ä‘á»“	 two
476	1028	æˆ¸	 two	 *É¡Ã¢Ê”	 É¡É‘Ê”	 É£uoÊ”		 go	 ko	 há»™, há»	 há»™	 hwo
476	1029	è°	 two	 *tshÃ´Å‹	 tshoÅ‹	 tshuÅ‹		 su	 sou	 thÃ´ng	 thÃ´ng	 chwong
477	1030	åˆ©	 two	 *rih	 lih	 lih		 ri	 ri	 lÃ¬, lá»£i, lÃ²i	 lá»‹, lá»£i	 li
477	1031	é–€	 two	 *mÉ™Ì‚n	 mÉ™n	 mwÉ™n		 momu	 bon	 mÃ´n, mon	 mÃ´n	 mwun
477	1032	é‹­	 two	 *lots	 juas	 jiwÃ¤ih		 ei	 ei	 nhá»n	 nhuá»‡, duá»‡	 yey
477	1033	ç ¥	 two	 *tiÊ”	 tÅ›iÊ”	 tÅ›iÊ”		 si	 si	 Ä‘e	 chá»‰	 ci
477	1034	é€Ÿ	 two	 sÃ´k	 sok	 suk		 soku	 soku	 tá»‘c	 tá»‘c	 swok
478	1035	ç–¾	 two	 *dzit	 dzit	 dzjet		 ziti	 situ	 táº­t	 táº­t	 cil
478	1036	ç¤ª	 two	 *rats	 lias	 ljÃ¤ih		 re	 rei	---	 lá»‡	 lye
479	1037	äº	 u	 *wa	 wÉ‘	 wuÄƒ		 u	 u	 vu, vo	 vu	 wu
479	1038	æœ‰	 u	 *wÉ™Ê”	 *wuÊ”	 wuw		 u	 iu	 há»¯u, há»¡i	 há»¯u	 yu
480	1039	å®‡	 u	 *waÊ”	 wÉ‘Ê”	 wua		 u	 u	 vÅ©, vÃµ	 vÅ©	 wu
481	1040	æ±š	 u	 *Ê”wÃ¢	 Ê”ua	 Ê”á´	 Ê”uÉ™	 u	 wo	 Ã´, á»‘	 Ã´, á»‘	 wo
482	1041	ç¾½	 u	 *waÊ”	 *waÊ”	 wua		 u	 u	 vÅ©, vÃµ	 vÅ©	 wu
482	1042	çƒ	 u	 *Ê”Ã¢	 Ê”a > Ê”É”	 Ê”É”	 Ê”uÉ™	 u		 Ã´, o	 Ã´	 wo
482	1043	ç´†	 u	 *Ê”wa	 *Ê”yÉ‘	 Ê”ua		 u	 u	 vÃ², vu	 vu	 wu
483	1044	å…	 u	 *tha(k)s	 t	 t	 t	 tu	 to	 thá», thá»‘	 thá»	 tho, two
483	1045	éµœ	 u	 *tÃ®	 dei	 dÉ›j		 dai	 tei	 dáº½, Ä‘á»	 dáº½	 tyey
484	1046	èŸ	 u	 *lÃ¢	 tha > thÉ”	 thÉ”		 tu	 to	 thá», Ä‘á»“, thá»‘	 thá»‘, thá»	 two, thwo
484	1047	å¯	 u	 *mrÃ»Ê”	 mÉ”uÊ”	 maÉ¨w > mÉ›:w		 meu	 bau	 mÃ£o, máº«u, mÃ©o	 mÃ£o	 mywo
484	1048	äº‹è¨ˆ	 u	 *tÉ™Ì‚k	 tÉ™k	 tÉ™k		 toku	 toku	 Ä‘áº¯c, Ä‘Ã¡c	 Ä‘áº¯c	 tuk
485	1049	é¸•	 u	 *ra	 lÉ‘	 lÉ”		 ru	 ro	---	 lÆ°	 lwo
485	1050	é›²	 una, uru, u	 *wÉ™n	 *wun	 wun		 umu	 un	 vÃ¢n	 vÃ¢n	 wun
485	1051	é¬±	 utu	 *Ê”ut	 Ê”ut	 Ê”ut	 Ê”yt	 uti	 utu	 uáº¥t	 uáº¥t	 wul
486	1052	å€­	 wa	 *Ê”oi	 Ê”yai	 Ê”jwe		 wa	 wa	 oa, oáº£i	 oa	 wa, wi
486	1053	ç²	 wak	 *wÃ¢k	 É£uak	 É£wÉ›k		 kuwiyaku	 kuwaku	 hoáº¡ch	 hoáº¡ch	 wak, woyk
488	1054	å§”	 wa	 *Ê”oi or *Ê”oih	 Ê”yai, Ê”yaih	 Ê”jwe, Ê”jweh		 wi	 wi	 uá»·, uá»ƒ	 uá»·	 wuy
488	1055	å’Œ	 wa	 *wÃ¢i	 É£uai	 É£wÃ¢		 wa	 kuwa	 hoÃ , hoáº¡, huá»	 hoÃ , hoáº¡	 hwa
489	1056	æ¶´	 wa	 *Ê”on	 Ê”uan	 Ê”wÃ¢n	 Ê”uan	 wa, won	 kuwa, wen	---	---	 wa, wan, wen
490	1057	ç‹	 wa	 *waÅ‹	 waÅ‹	 jwaÅ‹		 wau	 wau	 vÆ°Æ¡ng	 vÆ°Æ¡ng, vÆ°á»£ng	 wang
490	1058	ä¸¸	 wa, wani	 *wÃ¢n	 É£uan	 É£wÃ¢n		 guwan	 kuwan	 hoÃ n, hÃ²n	 hoÃ n	 hwan
490	1059	è¼ª	 wa	 *run	 luin	 ljwen		 rimu	 rin	 luÃ¢n, luÃ´n	 luÃ¢n	 lyun
491	1060	æ›²	 wa	 *khok	 khuok	 khjwok		 koku	 kioku	 khÃºc	 khÃºc	 kwok
491	1061	æ›°	 wata, wati	 *wat	 wat	 jwÉt		 wati	 wetu	 viáº¿t	 viáº¿t	 wal, wil
491	1062	ç©¢	 we	 *Ê”wats	 Ê”yas	 Ê”jwÉih		 we	 wai	 uáº¿	 uáº¿	 yey
491	1063	è¡	 we	 *wes	 was > wah	 jwÃ¤ih		 we	 wei	 vá»‡, vá»	 vá»‡	 wuy
492	1064	æƒ 	 we	 *wÃ®s	 É£ues > É£ueh	 É£iweih		 we	 kuwei	 huá»‡	 huá»‡	 hyey
493	1065	ä½ª	 we	 *wÌ‚i	 É£uÉ™i	 É£wáº­i		 we	 kuwai	---	 há»“i	 hwoy
493	1066	å»»	 we	 *wÉ™Ì‚i	 É£uÉ™i	 É£wáº­i		 we	 kuwai	 hÃ¹i	 há»“i	 hwoy
493	1067	æ…§	 we	 *wÃ®s	 É£ues > É£ueh	 É£iweih		 we	 kuwei	---	 tuá»‡	 hyey
494	1068	éšˆ	 we	 *Ê”Ã»i	 Ê”uÉ™i	 Ê”wáº­i		 we	 wai	 Ã´i	 Ã´i	 woy
494	1069	å	 we	 *dzÃ´iÊ”	 dzuaiÊ”	 dzwÃ¢Ê”		 za	 sa	 toáº¡	 toáº¡	 cwa
494	1070	ç•«	 we	 *wrÃªkh or *wÃªk	 É£uÉ›h, É£uÉ›k	 É£waÉ¨h, É£wÉ›k		 we	 kuwai	 hoáº¡, hoáº¡ch, vá»‡ch	 hoáº¡	 hway
495	1071	åº§	 we	 *dzÃ´ih	 dzuÉ‘ih	 dzwa		 za	 sa	 toÃ 	 toÃ 	 cwa
495	1072	å’²	 we	 *siauh or *sauh	 tshiauh, siauh	 sjÃ¤uh		 seu	 seu	 tiáº¿u	 tiáº¿u	 sywo
495	1073	çˆ²	 wi	 *wai	 wai	 jwe		 wi	 wi	 vÃ­, vÃ¬, vá»‹, vÆ¡, vá»	 vi, vá»‹	 wuy
496	1074	ä½	 wi	 *wus or *wrÉ™ts	 wÉ¨s > wih	 jwih		 wi	 wi	 vá»‹, vÃ¬	 vá»‹	 wuy
496	1075	éŸ‹	 wi	 *wÉ™i	 wui	 jwei		 wi	 wi	---	 vi	 wuy
497	1076	å¨	 wi	 *Ê”ui	 Ê”ui	 Ê”jwei		 wi	 wi	 uy, oai	 uy	 wuy
497	1077	è¬‚	 wi	 *wÉ™s	 wus > wuh	 jweih	 yj	 wi	 wi	---	 vá»‹	 wuy
498	1078	å§”	 wi	 *Ê”oi or *Ê”oih	 Ê”yai, Ê”yaih	 Ê”jwe		 wi	 wi	 uá»·, uá»ƒ	 uá»·	 wuy
498	1079	å‰	 wi	 *wÉ™iÊ”	 wiuÊ”	 jweiÊ”		 wi	 wi	 vÄ©	 vÄ©	 wuy
498	1080	è	 wi	 *Ê”oi	 Ê”yai	 Ê”jwe		 wi	 wi	---	 uy, uÃ½	 wuy
498	1081	äº•	 wi	 *tseÅ‹Ê”	 tsieÅ‹Ê”	 tsjÃ¤Å‹Ê”		 siau	 sei	 tá»‰nh, tá»ƒnh	 tá»‰nh	 cyeng
499	1082	çŒª	 wi	 *tra	 tra	 trjwo		 tio	 tio	 trÆ¡, chÆ°a	 trÆ°, chÆ°	 cye
499	1083	å±…	 wi	 *ka	 kÉ¨É‘(h)	 kjwo		 ko	 kio	 cÆ°	 cÆ°	 ke, kuy
500	1084	è—º	 wi	---	 linh	 ljenh		 rin	 rin	---	 láº­n	 lin
500	1085	å“¡	 wina	 *wÉ™n or *wen	 wun, wan	 jwÉ™n, jwÃ¤n		 win, wen	 win	 viÃªn	 viÃªn	 wen, wun
500	1086	å‘¼	 wo	 *hÃ¢ or *hÃ¢h	 ha, hah	 xuo, xuoh		 ko	 ko	 hÃ´, ho, hÃ²	 hÃ´	 hwo
501	1087	çƒ	 wo	 *Ê”Ã¢	 Ê”a > Ê”É”	 Ê”É”		 u	 wo	 Ã´, o	 Ã´	 wo
501	1088	å¡¢	 wo	 *Ê”Ã¢	 Ê”É‘	 Ê”É”		 u	 wo	 á»•, á»	 á»•	 wo
502	1089	æ›°	 wo	 *wat	 wat	 jwÉt		 wati	 wetu	 viáº¿t	 viáº¿t	 wal, wel
502	1090	ä¹	 wo	 *É¦Ã¢	 É¦a > É£É”	 É£uo		 wo, go	 ko	 há»“	 há»“	 hwo
503	1091	é›„	 wo	 *wÉ™Å‹	 wuÅ‹	 juÅ‹		 wou	 yuu	 hÃ¹ng	 hÃ¹ng	 ung
503	1092	è¢	 wo	 *wan	 wan	 jwÉn		 won	 wen	---	 viÃªn	 wen
504	1093	é 	 wo, woni	 *wanÊ”	 wanÊ”	 jwÉnÊ”		 womu	 wen	 viá»…n, viá»‡n	 viá»…n, viá»‡n	 wen
505	1094	æ€¨	 wo	 *Ê”ons	 Ê”yanh	 Ê”jwÉn		 womu	 wen	 oÃ¡n	 oan, oÃ¡n	 wen
505	1095	çˆ²	 wo	 *wai	 wai	 jwe		 wi	 wi	 vÃ­, vÃ¬, vá»‹, vÆ¡, vá»	 vi, vá»‹	 wuy
506	1096	å¼˜	 wo	 *É¡wÉ™Ì‚Å‹	 É£uÉ™Å‹	 É£wÉ™Å‹	 xÉ¦uÉ™Å‹	 gu		---	 hoáº±ng	 hwoyng
506	1097	é›	 wo	 *Ê”oÅ‹	 Ê”uoÅ‹	 Ê”jwoÅ‹		 wou	 you	 Ãºng, á»§un	 ung	 wong
506	1098	è¶Š	 wo, woti, woto	 *wat	 wat	 jwÉt		 woti	 wetu	 viá»‡t, vÆ°á»£t	 viá»‡t	 wel, hwal
507	1099	å—š	 wo	 *Ê”Ã¢	 Ê”a	 Ê”uo	 Ê”uÉ™	 u		 Ã´	 Ã´	 wo
508	1100	æ±š	 wo	 *Ê”wÃ¢	 Ê”ua	 Ê”É”	 Ê”uÉ™	 u		 Ã´, á»‘	 Ã´, á»‘	 wo
508	1101	æƒ‹	 wo	 *Ê”Ã´nÊ”	 Ê”uanÊ”	 Ê”wÃ¢nÊ”	 Ê”yan	 won	 wan	---	 uyá»ƒn	 wan
508	1102	å°	 wo	 *siauÊ”	 siauÊ”	 sjÃ¤uÊ”		 seu	 seu	 tiá»ƒu, tÄ©u	 tiá»ƒu	 swo
509	1103	å°¾	 wo	 *mÉ™iÊ”	 muiÊ”	 mjweiÊ”		 mi		 vÄ©, vÃ£, váº£i	 vÄ©	 mi
509	1104	å°‘	 wo	 *hjau or *hjauh	 Å›auÊ”, Å›auh	 Å›jÃ¤uÊ”, Å›jÃ¤uh		 seu	 seu	 thiáº¿u, thá»‰u, thá»ƒu	 thiá»ƒu, thiáº¿u	 swo
509	1105	éº»	 wo	 *mrÃ¢i	 mai > ma	 ma		 ma	 ma	 ma	 ma	 ma
510	1106	ç”·	 wo	 *nÉ™Ì‚m	 nÉ™m	 náº­m		 namu	 damu	 nam	 nam	 nam
510	1107	é›„	 wo	 *wÉ™Å‹	 wuÅ‹	 juÅ‹		 wou	 yuu	 hÃ¹ng	 hÃ¹ng	 wung
510	1108	ç·’	 wo	 *s-laÊ”	 ziaÊ”	 zjwoÊ”		 zio	 sio	---	 tá»±	 sye
511	1109	ç¶¬	 wo	 *duh	 dÅºuh	 dÅºjÉ™uh		 ziu	 siu	---	 thá»¥	 sywu
511	1110	å³½	 wo	 *É¡rÃªp	 É¡É›p	 É£iep		 gefu	 kafu	 giÃ¡p	 hiá»‡p	 hyep
511	1111	æœè’”	 wo	 *kiÃ»h	 keuh	 kieuh		 keu	keu	 khiáº¿u, kÃªu	 khiáº¿u	 kywo
512	1112	é‚ª	 ya	 *la or *ja	 ja	 jia		 zia	 sia	 tÃ 	 tÃ 	 ya
512	1113	ï¨—	 ya, yaku	 *Ê”ek	 Ê”iek	 Ê”jiÃ¤k		 yaku	 eki	 Ã­ch, á»‹ch	 Ã­ch	 ik
512	1114	ç§»	 ya	 *lai	 jai > je	 jie		 i	 i	 di, day, dá»i, giay, rÆ¡i	 di, ri, gi	 i
514	1115	è€¶	 ya	 *la or *ja	 ja	 jia		 ya	 ya	---	 da, ra	 ya
515	1116	å¤œ	 ya	 *jah	 jah	 jiah		 ya	 ya	 dáº¡	 dáº¡, ráº¡	 ya, iok
516	1117	ä¹Ÿ	 ya	 *laÊ”	 jaÊ”	 jiaÊ”		 ya	 ya	 rÃ£, ráº£, giÃ£	 rÃ£	 ya
516	1118	æ¥Š	 ya	 *laÅ‹	 jaÅ‹	 jiaÅ‹		 yau	 yau	 dÃ ng, thang	 dÆ°Æ¡ng	 yang
517	1119	é™½	 ya	 *laÅ‹	 jaÅ‹	 jiaÅ‹		 yau	 yau	 dÆ°Æ¡ng	 dÆ°Æ¡ng, cang, giang	 yang
517	1120	æš	 ya	 *laÅ‹	 jaÅ‹	 jiaÅ‹		 yau	 yau	 Ä‘Ã ng, Ä‘ang	 dÆ°Æ¡ng	 yang
517	1121	é‡	 ya	 *laÊ”	 jaÊ”	 jiaÊ”		 ya	 ya	 dÃ£	 dÃ£, ráº¡	 ya
518	1122	æ¤°	 ya	---	---	 jia		 ya	 ya	 da, dÃ , dá»«a	 da	 ya
518	1123	æ¶	 ya	---	---	 jia		 ya	 ya	---	 da	 ya
519	1124	ç‘˜	 ya	---	---	 jia		 ya	 ya	---	 da	 ya
519	1125	æ–	 ya	 *jak	 jak	 jiÃ¤k		 yaku	 eki	 dá»‹ch	 rá»‹ch	 oik
519	1126	é¤Š	 ya	 *jaÅ‹Ê”	 jaÅ‹Ê”	 jiaÅ‹Ê”	 jiaÅ‹	 yau	 yau	 dÆ°á»¡ng	 dÆ°á»¡ng, dÆ°á»£ng	 yang
519	1127	å±‹	 ya	 *Ê”Ã´k	 Ê”ok	 Ê”uk		 woku	 woku	 á»c	 á»‘c	 wok
520	1128	å…«	 ya	 *prÃªt	 pÉ›t	 pÄƒt		 fati	 fatu	 bÃ¡t	 bÃ¡t	 phal
520	1129	çŸ¢	 ya	 *lhiÊ”	 Å›iÊ”	 Å›iÊ”		 si	 si	 thá»‰, tháº»	 thá»‰	 ci
521	1130	ç®­	 ya	 *tsens	 tsianh	 tsjÃ¤nh		 semu	 sen	 tÃªn, tiá»…n	 tiáº¿n, tiá»…n	 cyen
521	1131	é¹½	 yamu	 *jam	 jam	 jiÃ¤m		 yemu	 yemu	 diÃªm	 diÃªm, riÃªm	 yem
521	1132	å»¶	 ye	 *lan	 jan	 jiÃ¤n		 yemu	 yen	 dan	 diÃªn, ruyÃªn	 yen
522	1133	ç§»	 ye	 *lai	 jai > je	 jie		 i	 i	 di, day, giay, rÆ¡i	 di, ri, gi	 i
522	1134	å¡	 ye	 *los or *lots	 juas	 jiwÃ¤ih		 ye	 yei	---	 duá»‡	 ye
523	1135	æ›³	 ye	 *lats	 jas	 jiÃ¤ih		 yei	 yei	 dáº¡i, dÃ¡i, dÃ i	 dá»‡, duá»‡	 ye
523	1136	é¥	 ye	 *jau	 jau	 jiÃ¤u		 yeu	 yeu	 rao	 dao, rao, giao	 ywo
524	1137	è¦	 ye	 *Ê”iauh	 Ê”iauh	 Ê”jiÃ¤u		 yeu	 yeu	 yÃªu, yáº¿u, eo, Ã©o	 yÃªu, yáº¿u	 ywo
524	1138	ç©	 ye	 *weÅ‹Ê”	 weÅ‹Ê”	 jiwÃ¤Å‹Ê”		 yau	 yei	 giáº£nh, nháº£nh	 dÄ©nh	 yeng
525	1139	å…„	 ye	 *hwaÅ‹	 hyaÅ‹	 xwiajÅ‹		 kiyau	 kuwei	 huÃªnh, huyÃªnh	 huynh	 hyeng
525	1140	æ±Ÿ	 ye	 *krÃ´Å‹	 kÉ”Å‹	 kÃ¥Å‹		 kau	 kau	 giang, nhÄƒng	 giang	 kang
526	1141	æ	 ye	 *ke	 kie	 tÅ›je		 si	 si	 chi	 chi	 ci
526	1142	å‰	 ye	 *kit	 kit	 kjit		 kiti	 kitu	 kiáº¿t, cÃ¡t	 cÃ¡t	 kil
527	1143	ç‚	 yemu	 *lam	 jam	 jiÃ¤m		 yemu	 yemu	 viÃªm	 viÃªm	 yem
527	1144	èˆ‡	 yo	 *la	 ja	 jiwo		 yo	 yo	 dá»¯	 dá»¯, giá»¯	 ye
528	1145	é¤˜	 yo	 *la	 ja	 jiwo		 yo	 yo	 dÆ°, rÆ°	 dÆ°	 ye
529	1146	ä½™	 yo	 *la	 ja	 jiwo		 yo	 yo	 dÆ°, rÆ°	 dÆ°	 ye
529	1147	å·²	 yo	 *lÉ™Ê”	 jÉ™Ê” > jÉ¨Ê”	 jiÉ¨		 i	 i	 dÄ©	 dÄ©	 i
530	1148	è±«	 yo	 *lah	 jah	 jiwoh		 yo	 yo	 dá»±	 dÆ°, dá»±, dá»¥, rÆ°, rá»¯	 ye
530	1149	é 	 yo	 *laÊ”	 jaÊ”	 jiwoÊ”		 yo	 yo	 dá»±, dá»±a	 dá»±	 ye
531	1150	äºˆ	 yo	 *lah	 jah	 jiwoh		 yo	 yo	 dá»±	 dÆ°, dá»±, dá»¥, rÆ°, rá»¯	 ye
531	1151	è­½	 yo	 *la	 ja	 jiwo		 yo	 yo	 dá»£	 dÆ°, dá»±, du, rÆ°	 ye
531	1152	ä¸–	 yo	 *lhats	 Å›as			 se	 sei	 thÃ¡, tháº¿, thÃ©	 tháº¿	 syey
531	1153	å‰	 yo	 *kit	 kit	 kjit		 kiti	 kitu	 kiáº¿t, cÃ¡t	 cÃ¡t	 kil
532	1154	å››	 yo	 *sis	 sis > sih	 sih		 si	 si	 tá»©	 tá»©	 so
532	1155	ä»£	 yo	 *Ì‚kh	 dÉ™h	 dáº­ih		 dai	 tai	 Ä‘á»i	 Ä‘áº¡i	 doy
532	1156	å‘¼	 yo	 *hÃ¢ or *hÃ¢h	 ha, hah	 xuo, xuoh		 ko	 ko	 ho, hÃ², hÃ´	 hÃ´	 hwo
533	1157	é½’	 yo	 *k-hjÉ™Ê”	 tÅ›hÉ™Ê”	 tÅ›hÉ¨Ê”		 si	 si	 xá»‰, xá»‰a	 xá»‰	 chi
533	1158	ç”±	 yu	 *ju	 ju	 jiÉ™u		 yu	 yuu	 dÃ´, do, ro	 du, do, ro	 ywu
534	1159	å–©	 yu	 *loh	 joh	 jiuh		 yu	 yu	 dá»¥, giá»™, nhá»§	 dá»¥, dÅ©, giá»¥	 ywu
535	1160	éŠ	 yu	 *ju	 ju	 jiÉ™u		 yu	 yuu	 du	 du	 ywu
535	1161	æ²¹	 yu	 *ju	 ju	 jiÉ™u		 yu	 yuu	 dáº«u, dáº§u, ráº§u	 du, ru	 ywu
535	1162	ç‘œ	 yu	 *lo	 jo	 jiu		 yu	 yu	 du	 du	 ywu
536	1163	è¸°	 yu	 *lo	 jo	 jiu		 yu	 yu	---	 du	 ywu
536	1164	æ„ˆ	 yu	 *loÊ”	 joÊ”	 jiuÊ”		 yu	 yu	 rÅ©	 dÅ©, rÅ©	 ywu
536	1165	è‡¾	 yu	 *jo	 jo	 jiu		 yu	 yu	 dua	 du	 ywu, ywong, kwe
536	1166	åº¾	 yu	 *joÊ”	 joÊ”	 jiuÊ”		 yu	 yu	---	 dÅ©, rÅ©	 ywu
537	1167	å¼“	 yu	 *kwÉ™Å‹	 kuÅ‹	 kjuÅ‹		 kuu	 kiu	 cung	 cung	 kwung
537	1168	æ¹¯	 yu	 *lhÃ¢Å‹	 thaÅ‹	 thÃ¢Å‹		 tau	 tau	 thang	 thang, thÃ¡ng	 thang, syang
538	1169	ç”¨	 ywo	 *loÅ‹h	 joÅ‹h	 jiwoÅ‹h		 yuu	 you	, dÃ¹ng, rá»¥ng	 dá»¥ng	 ywong
539	1170	æ¬²	 ywo	 *lok	 jok	 jiwok		 yoku	 yoku	 dá»¥c	 dá»¥c, rá»¥c	 ywok
539	1171	å®¹	 ywo	 *loÅ‹	 joÅ‹	 jiwoÅ‹		 yuu	 you	 dung, rong, rung	 dung, dong	 ywong
540	1172	åº¸	 ywo	 *loÅ‹	 joÅ‹	 jiwoÅ‹		 yuu	 you	 dong, dung	 dong	 ywong
540	1173	í¡ƒí°©	 ywo	 *loÅ‹h	 joÅ‹h	 jiwoÅ‹h	 jywÅ‹	 yuu	 you	 dá»ng, dÃ¹ng, rÃ¹ng	---	---
540	1174	å¤œ	 ywo	 *jah	 jah	 jiah		 ya	 ya	 dáº¡	 dáº¡, ráº¡	 ya, oik
541	1175	å°„	 za	 *m-lak or *m-lakh	 Åºak, Åºah	 Ê‘iajk or Ê‘ia		 zia	 sia	 xáº¡	 xáº¡	 syek, sya
542	1176	é‚ª	 za	 *la or *ja	 zia	 zia		 zia	 sia	 tÃ 	 tÃ 	 sya, ya
543	1177	å¥¢	 za	 *lha	 Å›a	 É•ia		 sia	 sia	 xa	 xa	 sya
543	1178	è”µ	 za	 *dzÃ¢Å‹	 dzÉ‘Å‹	 dzaÅ‹		 zau	 sau	 tÃ ng	 tÃ ng	 cang
544	1179	ç¤¾	 za	 *daÊ”	 dÅºaÊ”	 dÊ‘ia		 zia	 sia	 xÃ£	 xÃ£	 sya
544	1180	è¬	 za	 *s-lakh	 ziah	 zia		 zia	 sia	 táº¡	 táº¡	 sya
545	1181	åº§	 za	 *dzÃ´iÊ”	 dzuÉ‘iÊ”	 dzwa		 za	 sa	 toÃ 	 toÃ 	 cwa
545	1182	å¥˜	 za	 *dzaÅ‹h	 dáº“É‘Å‹h	 tÊ‚É¨aÅ‹	 tÊ‚a:Å‹	 zau	 sau	---	 táº£ng	 cang
545	1183	è£	 za	 *dzaÅ‹h	 dáº“É‘Å‹h	 tÊ‚É¨aÅ‹	 tÊ‚a:Å‹	 siau	 sau	 trang	 trang	 cang
546	1184	è¹”	 zami	---	---	 dzam		 zamu	 samu	---	 táº¡m	 cam
546	1185	æ˜¯	 ze	 *deÊ”	 dÅºeÊ”	 ÅºjeÊ”		 ze	 se	 thá»‹	 thá»‹	 si
546	1186	ç­®	 ze	 *dats	 dÅºas	 ÅºjÃ¤ih	 Ê‚É¦iaj	 ze	 sei	 váº§u	 phá»‡	 sye
547	1187	å™¬	 ze	 *dats	 dÅºas	 ÅºjÃ¤ih	 Ê‚É¦iaj	 ze	 sei	 phá»‡, phÃ¨, thÄ©	 thá»‡	 sye
547	1188	è‡ª	 zi	 *dzih	 dzih	 dzi		 zi	 si	 tá»±, tá»«	 tá»±	 co
548	1189	å£«	 zi	 *dzrÉ™Ê”	 dáº“É™Ê”	 dÊ‘É¨		 zi	 si	 sÄ©, SV: sÄ©		 so
548	1190	ç›¡	 zi	 *dzinÊ”	 dzinÊ” or dzinh	 dzin		 zimu	 sin	 táº­n, háº¿t	 táº­n	 cin
549	1191	èŒ²	 zi	 *tsÉ™	 tsiÉ™	 tsÉ¨		 si	 si	---	 ti, tÆ°	 co
549	1192	æ…ˆ	 zi	 *dzÉ™	 dziÉ™	 dzÉ¨		 si	 si	 tá»«	 tá»«	 co
549	1193	æ™‚	 zi	 *dÉ™ or *dÉ™Ê”	 dÅºÉ™	 dzÉ¨		 zi	 si	 thÃ¬, thÃ¬a, thá»i	 thÃ¬, thá»i	 si
549	1194	ä»•	 zi	 *dzrÉ™Ê”	 dáº“É™Ê”	 dzÉ¨		 zi	 si	 sÄ©	 sÄ©	 so
550	1195	å¯º	 zi	 *s-lÉ™h	 ziÉ™h	 zÉ¨	 sÉ¦Ê‘	 zi	 si	 chÃ¹a	 tá»±	 so, si
550	1196	ç¥	 zi	 *nÉ™h	 Å„É™h	 É²É¨	 riË‹	 ni	 zi	 nháº¹	 nhá»‹	 i
550	1197	èŒ¸	 zi	 *noÅ‹	 Å„oÅ‹	 É²uawÅ‹	 rywÅ‹	 niou	 ziou	 nhung	 nhung	 ywong
550	1198	é¤Œ	 zi	 *nÉ™h	 Å„É™h	 É²É¨	 riË‹	 ni	 zi	---	 nhÄ©, nhá»‹	 i
551	1199	è€³	 zi	 *nÉ™Ê”	 Å„É™Ê”	 É²É¨	 riË‹	 ni	 zi	 nháº£i, nhÃ£i, nhÄ©	 nhÄ©	 i
551	1200	è²³	 zi	 *nis or *nih	 Å„is or Å„ih	 É²i	 riË‹	 ni	 zi	 nháº¹, nhÃ¬, SV: nhá»‹		 i
551	1201	å…’	 zi	 *nje	 Å„e	 É²iÉ™	 ri	 ni, gei	 zi	 nhi	 nhi	 yey, o
552	1202	çˆ¾	 zi	 *neÊ”	 Å„eÊ”	 É²iÉ™	 riËŠ	 ni	 zi	 nháº£i, nhÃ£i	 nhÄ©	 i
552	1203	ä¸‹	 zi	 *É¡rÃ¢Ê”	 É¡aÊ”	 É£aÉ¨ > É£É›: SV: hÃ¡, háº¡		 ge	 ka	 háº¡		 ha
552	1204	æ·±	 zimi	 *nhÉ™m	 tÅ›im or Å›im	 É•im		 simu	 simu	 tháº³m, tháº±m	 thÃ¢m	 sim
553	1205	ç”š	 zimi	 *dÉ™mÊ” or *dÉ™ms	 dÅºimÊ” or dÅºimh	 dÊ‘im		 zimu	 simu	 tháº­m	 tháº§m	 sim
553	1206	æ•	 zo	 *s-laÊ”	 ziÉ‘Ê”	 zjwoÊ”		 zio	 sio	 tá»±	 tá»±	 sye
553	1207	å­˜	 zo	 *dzÉ™	 dzÉ™n	 dzwÉ™n		 zomu	 son	 tá»“n	 tá»“n	 cwon
554	1208	è³Š	 zo	 *dzÉ™Ì‚k	 dzÉ™k	 dzek	 tsÉ¦É™Äƒk	 zoku	 soku	 táº·c	 táº·c	 cuk, cek
554	1209	åº	 zo	 s-laÊ”	 ziÉ‘Ê”	 zjwoÊ”	 sÉ¦iÉ™	 zio	 sio	 tá»±a	 tá»±	 sye
555	1210	é‹¤	 zo	 *dzra	 dáº“É‘	 dáº“jwo	 tÊ‚É¦uÉ™	 zio	 sio	 sá»«, xá»«	 sá»«	 cwo
555	1211	é	 zo	 dzÃ»ns	 dzuÉ™nh	 dzwÉ™nh	 tsÉ¦un	 zon	 son	---	 tá»‘n	 cwun
555	1212	èŒ¹	 zo	 *naÊ” or *nah	 Å„É‘Ê” or Å„É‘h	 Å„Åºjwo	 riÉ™	 nio	 zio	 nhá»±, , nhÃ , nhá»±a	 nhÆ°, nhá»±, nhá»¯	 ye
555	1213	å—	 zu	 *duÊ”	 dÅºuÊ”	 ÅºjÉ™u		 ziu	 siu	 thá»¥	 thá», thá»¥	 sywu
556	1214	æˆ	 zu	 *duh	 dÅºuh	 ÅºjÉ™uh		 ziu	 siu	 thá»¥, thÃ²	 thá», thá»¥	 sywu
556	1215	æ®Š	 zu	 *do	 dÅºo	 Åºju		 ziu	 siu	 thÃ¹a	 thÃ¹	 sywu
557	1216	èš	 zu	 *dzoÊ”, *dzoh	 dzioÊ”, dzioh	 dzjuÊ”, dzjuh		 ziu	 siu	 tá»¥	 tá»¥	 chywu
557	1217	å„’	 zu	 *no	 Å„o	 Å„Åºju	 ryÉ™	 niu	 ziu	 nho, nhÃ´, nhua	 nho, nhu	 ywu
557	1218	å­º	 zu	 *noh	 Å„oh	 Å„Åºjuh	 ryÉ™	 niu	 ziu	 nhÃº, nhá»	 nhá»¥	 ywu
